date,open,high,low,close
21-May-18,10.2967497,10.37170688,9.839116376,9.882512639
22-May-18,9.807405464,9.997149706,9.546507133,9.767875414
23-May-18,9.578131173,9.676956299,9.198642691,9.198642691
24-May-18,7.925775073,8.202485425,7.767654872,7.937634088
25-May-18,8.162955374,8.408041686,7.771607877,7.826949947
28-May-18,7.589769646,7.589769646,6.684531495,6.684531495
29-May-18,7.115409043,7.684641767,6.957288842,7.629299696
30-May-18,7.269576239,7.894151033,7.166798108,7.502803535
1-Jun-18,7.732077827,7.807184922,5.889977486,6.388056119
4-Jun-18,6.834745686,6.973100862,6.739873566,6.929617807
5-Jun-18,6.862416722,7.036348943,6.558035335,6.558035335
6-Jun-18,6.510599274,6.59361238,6.273418973,6.455257204
7-Jun-18,6.324808038,6.388056119,5.901836501,6.229935918
8-Jun-18,6.249700943,6.399915134,5.953225566,6.028332661
11-Jun-18,6.127157787,6.245747938,5.980896601,6.091580742
12-Jun-18,6.119251777,6.198311878,6.024379656,6.111345767
13-Jun-18,6.095533747,6.127157787,5.826729405,5.996708621
14-Jun-18,6.059956702,6.146922812,5.949272561,5.969037586
15-Jun-18,5.941366551,5.957178571,5.71999827,5.917648521
18-Jun-18,5.83858842,5.886024481,5.731857285,5.731857285
19-Jun-18,5.636985164,6.214123898,5.601408119,6.095533747
20-Jun-18,6.261559958,6.514552279,6.245747938,6.407821144
21-Jun-18,6.360385084,6.451304199,5.969037586,5.969037586
22-Jun-18,6.091580742,6.198311878,5.933460541,5.972990591
25-Jun-18,6.008567636,6.241794933,5.953225566,6.206217888
26-Jun-18,6.285277988,6.372244099,6.139016802,6.340620058
27-Jun-18,6.364338089,6.712202531,6.348526068,6.542223315
28-Jun-18,6.6094244,6.747779576,6.455257204,6.56198834
29-Jun-18,6.660813465,6.795215636,6.613377405,6.795215636
2-Jul-18,6.716155536,6.909852782,6.68057849,6.905899777
3-Jul-18,7.012630912,7.071925988,6.901946772,6.917758792
4-Jul-18,6.870322732,7.293294269,6.814980661,7.293294269
5-Jul-18,7.352589345,7.431649445,6.977053867,7.060066973
6-Jul-18,7.103550028,7.150986088,6.977053867,7.091691013
10-Jul-18,7.249811214,7.253764219,6.937523817,7.016583917
11-Jul-18,6.913805787,7.147033083,6.838698691,6.882181747
12-Jul-18,6.965194852,7.123315053,6.925664802,7.095644018
13-Jul-18,7.111456038,7.186563134,7.028442933,7.158892098
16-Jul-18,7.095644018,7.107503033,6.957288842,7.067972983
17-Jul-18,7.032395938,7.273529244,7.000771897,7.230046189
18-Jul-18,7.214234169,7.273529244,7.091691013,7.135174068
19-Jul-18,7.052160963,7.273529244,7.012630912,7.273529244
20-Jul-18,7.577910631,7.700453787,7.48303851,7.625346691
23-Jul-18,7.629299696,7.696500782,7.593722651,7.613487676
24-Jul-18,7.736030832,7.854620983,7.720218812,7.771607877
25-Jul-18,7.826949947,7.906010048,7.751842852,7.890198028
26-Jul-18,7.886245023,7.886245023,7.656970731,7.672782751
27-Jul-18,7.747889847,7.830902952,7.728124822,7.815090932
30-Jul-18,7.886245023,7.945540098,7.787419897,7.862526993
31-Jul-18,7.755795857,7.822996942,7.696500782,7.795325907
1-Aug-18,7.743936842,7.909963053,7.724171817,7.909963053
2-Aug-18,7.902057043,8.21434444,7.886245023,8.068083254
3-Aug-18,8.459430751,8.518725827,8.336887595,8.344793606
6-Aug-18,8.360605626,8.487101786,8.29340454,8.31712257
7-Aug-18,8.431759716,8.483148781,8.131331334,8.186673405
8-Aug-18,8.226203455,8.328981585,7.953446108,7.961352118
9-Aug-18,8.008788178,8.044365224,7.826949947,8.040412219
10-Aug-18,7.945540098,7.965305123,7.653017726,7.743936842
13-Aug-18,7.708359797,7.921822068,7.617440681,7.921822068
14-Aug-18,8.036745869,8.048634547,7.818786785,7.917859096
15-Aug-18,7.783120753,7.795009431,7.549310099,7.549310099
16-Aug-18,7.656308195,7.668196873,7.438349111,7.509681175
17-Aug-18,7.430423326,7.474015143,7.291722091,7.315499445
20-Aug-18,7.279833413,7.335313907,7.168872425,7.275870521
21-Aug-18,7.240204489,7.343239692,6.994505158,7.022245405
22-Aug-18,7.01431962,7.283796306,6.994505158,7.271907628
23-Aug-18,7.271907628,7.3392768,7.085651684,7.113391931
24-Aug-18,7.271907628,7.30757366,7.153020855,7.252093166
27-Aug-18,7.256056059,7.434386219,7.252093166,7.414571756
28-Aug-18,7.434386219,7.47005225,7.267944736,7.271907628
29-Aug-18,7.331351015,7.652345303,7.311536553,7.64838241
30-Aug-18,7.588939024,7.743491829,7.402683079,7.450237788
31-Aug-18,7.509681175,7.699900012,7.493829605,7.632530841
3-Sep-18,7.525532745,7.581013239,7.434386219,7.529495637
4-Sep-18,7.581013239,7.604790593,7.378905724,7.390794402
5-Sep-18,7.35512837,7.450237788,7.224352919,7.390794402
6-Sep-18,7.525532745,7.537421422,7.32342523,7.525532745
10-Sep-18,7.672159765,7.767269184,7.549310099,7.632530841
11-Sep-18,7.477978035,7.48590382,7.303610768,7.331351015
12-Sep-18,7.454200681,7.616679271,7.386831509,7.509681175
13-Sep-18,7.541384314,7.581013239,7.378905724,7.414571756
14-Sep-18,7.450237788,7.513644067,7.32342523,7.446274896
17-Sep-18,7.382868617,7.723677367,7.382868617,7.688011335
18-Sep-18,7.727640259,8.024857192,7.715751582,8.024857192
19-Sep-18,7.898044634,8.108077933,7.85841571,7.917859096
20-Sep-18,8.028820085,8.064486117,7.82671257,7.874267279
21-Sep-18,7.985228268,8.044671654,7.905970419,7.981265375
24-Sep-18,8.00504273,8.088263471,7.894081742,7.925784881
25-Sep-18,7.806898108,7.985228268,7.739528936,7.957488021
26-Sep-18,8.0208943,8.044671654,7.913896204,8.001079838
27-Sep-18,8.123929503,8.504367177,8.112040826,8.504367177
28-Sep-18,8.373591727,8.694586015,8.32999991,8.357740157
1-Oct-18,8.421146436,8.464738253,8.242816276,8.322074125
2-Oct-18,8.718363369,9.043320549,8.678734445,9.043320549
3-Oct-18,10.00630341,10.07367258,9.296945666,9.427721116
4-Oct-18,9.292982773,9.717012264,9.197873355,9.518867642
5-Oct-18,9.705123587,9.744752511,9.376203514,9.495090288
8-Oct-18,10.67603223,10.68792091,10.20444803,10.54129389
9-Oct-18,10.49373918,10.69980959,10.41448133,10.62847753
10-Oct-18,10.42637001,10.45807315,10.16481911,10.32333481
11-Oct-18,10.52147943,10.60073728,9.931008456,10.02215498
15-Oct-18,10.26389142,10.35107505,10.12519019,10.21237382
16-Oct-18,10.38277819,10.59281149,10.33918638,10.59281149
17-Oct-18,10.47788761,10.55318257,10.40655555,10.48185051
18-Oct-18,10.41844423,10.43825869,10.18463357,10.18463357
19-Oct-18,10.36296373,10.42240712,10.19255936,10.27181721
22-Oct-18,10.41051844,10.54129389,10.41051844,10.51355364
23-Oct-18,10.36296373,10.49373918,10.22822539,10.38277819
24-Oct-18,10.46599894,10.6958467,10.17670779,10.17670779
25-Oct-18,10.37485241,10.55714546,10.18067068,10.4303329
26-Oct-18,10.56110835,10.93758314,10.35107505,10.93758314
29-Oct-18,11.38538998,11.38935287,10.29163167,10.46996183
30-Oct-18,10.58092282,11.09609883,10.46996183,11.09609883
31-Oct-18,11.19913404,11.22687428,10.81869636,10.94550892
1-Nov-18,11.00098942,11.10402462,10.74340141,10.82662215
5-Nov-18,10.89795421,11.15950511,10.86228818,11.15950511
6-Nov-18,10.81869636,11.21498561,10.6958467,10.77510455
7-Nov-18,10.94154603,10.9573976,10.40655555,10.42240712
8-Nov-18,10.62055174,10.71169827,10.04593234,10.04593234
9-Nov-18,9.98648895,10.19255936,9.780418543,10.08952415
12-Nov-18,10.12122729,10.27181721,10.02215498,10.03800655
13-Nov-18,10.03404366,10.03404366,9.491127395,9.606051276
14-Nov-18,9.606051276,9.982526058,9.475275825,9.946860026
16-Nov-18,10.06178391,10.31937192,9.974600273,10.2242625
19-Nov-18,10.12915308,10.41844423,10.07763548,10.30352035
21-Nov-18,9.946860026,10.09744994,9.911193994,9.974600273
22-Nov-18,10.05815313,10.08998273,9.974600436,10.00643003
23-Nov-18,9.807495044,9.867175541,9.552858256,9.696091449
26-Nov-18,9.867175541,9.942770838,9.568773055,9.648347051
27-Nov-18,9.696091449,10.22525852,9.656304451,10.15762063
28-Nov-18,10.14568453,10.29289642,9.966643036,10.09794013
29-Nov-18,9.930834738,10.14568453,9.89900514,10.01438743
30-Nov-18,9.990515235,10.16955673,9.974600436,10.12976973
3-Dec-18,10.46398051,10.55549061,10.26504552,10.32074732
4-Dec-18,10.44408701,10.47591661,10.08202533,10.08202533
5-Dec-18,10.13374843,10.23321592,9.926856038,10.16955673
6-Dec-18,9.942770838,9.994493935,9.67221925,9.783622845
7-Dec-18,9.755771946,10.13374843,9.727921048,9.855239442
10-Dec-18,9.855239442,9.906962539,9.326072366,9.326072366
11-Dec-18,9.517049957,9.576730455,9.178860473,9.266391869
12-Dec-18,9.445433361,9.509092558,9.230583571,9.270370569
13-Dec-18,9.266391869,9.330051066,9.135094775,9.294242768
14-Dec-18,9.182839173,9.282306668,9.135094775,9.170903073
17-Dec-18,9.23854097,9.258434469,9.071435578,9.099286477
18-Dec-18,9.063478178,9.071435578,8.753139593,8.753139593
19-Dec-18,8.952074584,9.170903073,8.777011792,8.852607088
20-Dec-18,8.876479287,8.880457987,8.494524105,8.550225902
21-Dec-18,8.514417604,8.745182193,8.454737107,8.574098101
26-Dec-18,8.473908863,8.922503358,8.403944583,8.922503358
27-Dec-18,8.856654625,9.045969733,8.757881525,8.918387812
28-Dec-18,9.099471829,9.395791128,9.087125191,9.334057941
2-Jan-19,9.280555845,9.959620907,9.169436108,9.902003265
3-Jan-19,9.860847807,10.21478475,9.794999074,10.14482047
4-Jan-19,10.22713139,10.2641713,10.07074064,10.17362929
7-Jan-19,10.22713139,10.66749479,10.1653982,10.33413558
8-Jan-19,10.45348641,10.4617175,10.19420702,10.27240239
9-Jan-19,10.41233095,10.49464186,10.35059776,10.48641077
10-Jan-19,10.39586876,10.45760195,10.31767339,10.39586876
11-Jan-19,10.35059776,10.36705994,10.22301584,10.28474903
14-Jan-19,10.21478475,10.32590449,10.14893602,10.22713139
15-Jan-19,10.21890029,10.33825112,10.1653982,10.21890029
16-Jan-19,10.20655366,10.24770911,10.14893602,10.21478475
17-Jan-19,10.18597593,10.41233095,10.15716711,10.35471331
18-Jan-19,10.46994859,10.51933514,10.40409986,10.45348641
21-Jan-19,10.41644649,10.5069885,10.33002003,10.5069885
22-Jan-19,10.39586876,10.49464186,10.29709566,10.34236667
23-Jan-19,10.42467759,10.51110405,10.35471331,10.46583304
24-Jan-19,10.45348641,10.51110405,10.42056204,10.51110405
28-Jan-19,10.4082154,10.5069885,10.18186038,10.19420702
29-Jan-19,10.39175322,10.51933514,10.33413558,10.44113977
30-Jan-19,10.62222379,10.67161034,10.48229523,10.54402841
31-Jan-19,10.64691706,10.68395697,10.51933514,10.52756623
1-Feb-19,10.49464186,10.63868597,10.44113977,10.61810824
4-Feb-19,10.63457042,10.74980571,10.53579732,10.71276579
5-Feb-19,10.66337924,10.74157461,10.62222379,10.72099689
6-Feb-19,10.61810824,10.63457042,10.42056204,10.49052632
7-Feb-19,10.53579732,10.63868597,10.14893602,10.32590449
8-Feb-19,10.20655366,10.40409986,10.17774484,10.34236667
11-Feb-19,10.35882885,10.35882885,10.09954947,10.22301584
12-Feb-19,10.42056204,10.63868597,10.38352213,10.58518387
13-Feb-19,10.70865025,10.78684562,10.63868597,10.72099689
14-Feb-19,10.77038344,11.09139601,10.70041916,11.09139601
15-Feb-19,11.0543561,11.12020483,10.99262291,11.04612501
18-Feb-19,10.94323636,11.02554728,10.86915654,11.01320064
19-Feb-19,11.0543561,11.27659557,11.04612501,11.26836448
20-Feb-19,11.31775103,11.38359976,11.05847164,11.12843592
21-Feb-19,11.18605356,11.31363548,11.03789391,11.27659557
22-Feb-19,11.33832876,11.40006195,11.16547583,11.16547583
25-Feb-19,11.11197374,11.12432038,10.95969854,10.98850736
26-Feb-19,11.01320064,11.16959138,10.93500527,10.93912081
27-Feb-19,11.04612501,11.21486238,10.95969854,11.14489811
28-Feb-19,11.40829304,11.42063968,10.94735191,11.13666701
1-Mar-19,11.16959138,11.21486238,10.95969854,10.98850736
6-Mar-19,10.92677418,11.01320064,10.89384981,11.01320064
7-Mar-19,11.02966282,11.07493383,10.9020809,11.01731619
8-Mar-19,10.9020809,11.00908509,10.79096116,10.97616073
11-Mar-19,11.12020483,11.43298631,11.11608928,11.42063968
12-Mar-19,11.43710186,11.50706614,11.21486238,11.31775103
13-Mar-19,11.35479094,11.57703042,11.32598212,11.56468378
14-Mar-19,11.58526151,11.60583924,11.48648841,11.60172369
15-Mar-19,11.58937706,11.68403461,11.56879933,11.62641697
18-Mar-19,11.66757243,11.84865644,11.63053251,11.82807871
19-Mar-19,11.87334972,12.1408602,11.77046107,12.01739382
20-Mar-19,12.01739382,12.18201565,11.89392745,11.92273627
21-Mar-19,11.86923417,11.92273627,11.49060396,11.75399889
22-Mar-19,11.49883505,11.58114596,11.11197374,11.11197374
25-Mar-19,11.04200946,11.35479094,11.03789391,11.2519023
26-Mar-19,11.41652413,11.80338544,11.40829304,11.78280771
27-Mar-19,11.60995478,11.60995478,11.2519023,11.2519023
28-Mar-19,11.21486238,11.5482216,11.09139601,11.5482216
29-Mar-19,11.70872788,11.74165225,11.41652413,11.5482216
1-Apr-19,11.68815016,11.69638125,11.47002623,11.52352832
2-Apr-19,11.58114596,11.6469947,11.46591068,11.64287915
3-Apr-19,11.74165225,11.75399889,11.33421321,11.33421321
4-Apr-19,11.42887077,11.71695898,11.26424893,11.71695898
5-Apr-19,11.7457678,11.8898119,11.60995478,11.8445409
8-Apr-19,11.95977618,12.09558919,11.92685181,12.03797155
9-Apr-19,11.94742954,12.033856,11.79926989,12.00093164
10-Apr-19,12.16143793,12.16966902,11.8445409,11.8445409
11-Apr-19,11.81161653,11.81161653,11.47002623,11.52352832
12-Apr-19,10.89384981,11.0996271,10.52345069,10.63045488
15-Apr-19,10.84446326,10.93912081,10.51521959,10.67161034
16-Apr-19,10.67984143,11.13666701,10.54814396,10.99673846
17-Apr-19,11.16136029,11.2519023,10.79096116,11.00908509
18-Apr-19,11.26013339,11.47825732,11.21486238,11.35890649
22-Apr-19,11.3959464,11.47825732,11.24367121,11.29305776
23-Apr-19,11.40829304,11.52352832,11.39183086,11.39183086
24-Apr-19,11.40829304,11.47825732,11.1984002,11.35890649
25-Apr-19,11.2971733,11.55233714,11.28894221,11.44121741
26-Apr-19,11.39982213,11.43688803,11.14447929,11.22272952
29-Apr-19,11.3462825,11.37511153,11.25979541,11.27215071
30-Apr-19,11.33392721,11.39158527,11.11153183,11.16507146
2-May-19,11.03740004,11.04563691,10.92208392,11.00857101
3-May-19,11.07858437,11.14859773,11.0579922,11.0579922
6-May-19,10.86854429,11.02504474,10.85618899,11.02504474
7-May-19,10.97562355,10.97974198,10.75734661,10.85207056
8-May-19,10.83559683,11.31333504,10.82735996,11.27215071
9-May-19,11.16095303,11.16918989,10.97150511,11.04975534
10-May-19,11.06622907,11.08682123,10.88089959,10.98797885
13-May-19,10.7944125,10.90149176,10.63379362,10.66674108
14-May-19,10.77793877,10.80264937,10.64614892,10.70792541
15-May-19,10.60084616,10.66262265,10.56789869,10.65850422
16-May-19,10.61320146,10.72439914,10.39492452,10.40727981
17-May-19,10.31667429,10.46905631,10.07780519,10.16429228
20-May-19,10.16429228,10.51024064,10.14781854,10.51024064
21-May-19,10.58437243,10.90972862,10.46905631,10.90972862
22-May-19,10.88905832,10.94280083,10.73196485,10.86838813
23-May-19,10.70716061,10.71542869,10.55006714,10.68235638
24-May-19,10.81051159,10.8973264,10.71956273,10.78570735
27-May-19,10.87252217,10.9717391,10.81877966,10.84771794
28-May-19,10.80224351,11.07922411,10.80224351,11.07922411
29-May-19,10.95106891,11.04201776,10.85598601,10.95520295
30-May-19,10.95933698,11.10402834,10.74436696,10.81051159
31-May-19,10.66168619,10.86012005,10.50872675,10.56246926
3-Jun-19,10.69889254,10.88079025,10.68649042,10.74436696
4-Jun-19,10.86838813,10.90146044,10.76090312,10.83118178
5-Jun-19,10.8229137,10.86838813,10.56660329,10.69062446
6-Jun-19,10.81877966,11.00894545,10.63274792,10.86425409
7-Jun-19,11.03374968,11.09162623,10.90146044,11.06268796
10-Jun-19,10.99654333,11.11643046,10.96347102,11.01721353
11-Jun-19,11.11643046,11.28179201,11.04201776,11.22804951
12-Jun-19,11.17017297,11.21151335,11.01307949,11.09989431
13-Jun-19,11.22391547,11.3231324,11.1949772,11.23631759
14-Jun-19,11.24458566,11.26525586,11.1205645,11.18670912
17-Jun-19,11.1949772,11.33966856,11.14536873,11.20737932
18-Jun-19,11.28592605,11.37687491,11.26525586,11.34793664
19-Jun-19,11.30659625,11.40581318,11.25285374,11.37687491
21-Jun-19,11.55463858,11.73653629,11.55463858,11.69106186
24-Jun-19,11.70759802,11.73240225,11.62491724,11.67865974
25-Jun-19,11.63318532,11.64145339,11.31899836,11.37274087
26-Jun-19,11.38927702,11.5463705,11.37687491,11.43888549
27-Jun-19,11.3438026,11.38927702,11.16603893,11.25698778
28-Jun-19,11.34793664,11.41408126,11.20737932,11.33140048
1-Jul-19,11.50916415,11.58771089,11.2487197,11.2693899
2-Jul-19,11.2693899,11.2693899,11.01721353,11.08749219
3-Jul-19,11.17844104,11.24458566,11.11643046,11.21564739
4-Jul-19,11.31899836,11.40167914,11.29419413,11.3231324
5-Jul-19,11.27352394,11.40581318,11.21564739,11.32726644
8-Jul-19,11.36860683,11.45955568,11.3438026,11.43061741
10-Jul-19,11.57530877,11.68692782,11.56290666,11.60424704
11-Jul-19,11.65798955,11.78614475,11.64145339,11.74067033
12-Jul-19,11.79854687,11.88122765,11.74480437,11.79441283
15-Jul-19,11.81921706,11.8440213,11.64972147,11.64972147
16-Jul-19,11.69106186,11.71173205,11.40994722,11.50503011
17-Jul-19,11.57117473,11.57530877,11.42648337,11.44301953
18-Jul-19,11.47609184,11.49676203,11.33966856,11.37274087
19-Jul-19,11.36860683,11.40994722,11.31486433,11.3438026
22-Jul-19,11.4182153,11.4719578,11.31073029,11.36447279
23-Jul-19,11.37274087,11.42234934,11.32726644,11.37687491
24-Jul-19,11.40581318,11.42648337,11.28592605,11.30659625
25-Jul-19,11.35620471,11.36860683,11.08335815,11.11643046
26-Jul-19,11.07922411,11.07922411,10.78984139,10.80637755
29-Jul-19,10.83944986,10.93039871,10.73196485,10.90559448
30-Jul-19,10.89319236,10.95106891,10.8229137,10.84771794
31-Jul-19,10.90972852,10.95520295,10.75676908,10.78157331
1-Aug-19,10.87252217,10.98000718,10.40124174,10.58313945
2-Aug-19,10.90146044,11.11643046,10.86425409,10.96347102
5-Aug-19,10.66582023,10.80224351,10.55006714,10.56246926
6-Aug-19,10.70716061,10.83944986,10.61621176,10.69889254
7-Aug-19,10.51699483,10.63688195,10.33509712,10.58313945
8-Aug-19,10.78984139,10.89319236,10.69062446,10.89319236
9-Aug-19,10.87252217,11.03374968,10.78984139,10.86425409
12-Aug-19,10.71542869,10.71542869,10.55833522,10.60380964
13-Aug-19,10.56630802,10.88713046,10.51214319,10.74546861
14-Aug-19,10.52464277,10.57464107,10.32464956,10.38298091
15-Aug-19,10.41214659,10.41631311,10.05799194,10.09549067
16-Aug-19,10.2996504,10.32048303,9.95382881,9.96216186
19-Aug-19,10.12465634,10.20798685,9.937162709,10.01216016
20-Aug-19,9.96216186,10.07882457,9.866331779,10.00799364
21-Aug-19,10.14548897,10.82879911,10.07465804,10.60380675
22-Aug-19,10.62463937,10.71630293,10.48297752,10.50797667
23-Aug-19,10.32464956,10.57047455,10.09549067,10.11632329
26-Aug-19,10.24131905,10.2829843,9.903830507,9.982994486
27-Aug-19,10.07049152,10.34131566,9.920496608,10.14132245
28-Aug-19,10.08299109,10.29131735,10.04965889,10.24548558
29-Aug-19,10.37464786,10.62463937,10.2829843,10.62463937
30-Aug-19,10.63713895,10.70380335,10.48714404,10.62463937
2-Sep-19,10.5788076,10.65797158,10.52047624,10.54130887
3-Sep-19,10.46214489,10.69130378,10.42881269,10.66630463
4-Sep-19,10.89963004,10.98712707,10.83296564,10.94129529
5-Sep-19,11.08295715,11.16212113,10.97462749,10.99546012
6-Sep-19,10.99962665,11.19128681,10.91629614,11.04962495
9-Sep-19,11.14545503,11.25795121,11.1246224,11.22045248
10-Sep-19,11.27045079,11.39544654,11.15795461,11.29128341
11-Sep-19,11.39544654,11.39544654,11.17878723,11.19545333
12-Sep-19,11.19128681,11.30794951,11.09962325,11.27461731
13-Sep-19,11.29961646,11.33294867,11.17462071,11.19961986
16-Sep-19,11.71626899,11.76626729,11.5371084,11.69126984
17-Sep-19,11.52460883,11.56210755,11.31628256,11.5371084
18-Sep-19,11.40377959,11.4537779,11.34128172,11.34128172
19-Sep-19,11.59543976,11.60377281,11.34128172,11.37044739
20-Sep-19,11.39544654,11.42877875,11.24961816,11.24961816
23-Sep-19,11.24961816,11.4537779,11.21628596,11.44961137
24-Sep-19,11.42461222,11.47461052,11.31211604,11.36211434
25-Sep-19,11.26211774,11.39544654,11.15795461,11.39128002
26-Sep-19,11.41627917,11.54127493,11.34544824,11.54127493
27-Sep-19,11.47877705,11.64543806,11.46627747,11.52460883
30-Sep-19,11.48294357,11.51627578,11.41627917,11.47877705
1-Oct-19,11.49960968,11.5537745,11.39961307,11.46211095
2-Oct-19,11.34128172,11.35794782,11.08712368,11.13295545
3-Oct-19,11.14545503,11.17045418,10.94962834,11.1412885
4-Oct-19,11.18712028,11.21628596,10.94546182,11.04545842
7-Oct-19,10.98712707,11.08295715,10.87463089,10.90379657
8-Oct-19,10.90379657,11.01629275,10.81213301,10.84129869
9-Oct-19,10.97879402,11.12878893,10.89546351,11.04962495
10-Oct-19,11.07879063,11.19961986,11.057958,11.1412885
11-Oct-19,11.22045248,11.39961307,11.22045248,11.35794782
14-Oct-19,11.26628426,11.38711349,11.22461901,11.37878044
15-Oct-19,11.37878044,11.61627238,11.37878044,11.49960968
16-Oct-19,11.47877705,11.65377111,11.39961307,11.63710501
17-Oct-19,11.63710501,11.66627069,11.49544315,11.52460883
18-Oct-19,11.62043891,11.66210416,11.49960968,11.49960968
21-Oct-19,11.56210755,11.58710671,11.49960968,11.5704406
22-Oct-19,11.58294018,11.9495944,11.5704406,11.90376262
23-Oct-19,11.88709652,12.11625541,11.85376432,12.06209058
24-Oct-19,12.14542109,12.18708634,11.76210077,11.79959949
25-Oct-19,12.16625371,12.3120821,12.08708973,12.18708634
28-Oct-19,12.17458677,12.35791388,12.13292151,12.33291472
29-Oct-19,12.24958422,12.47457658,12.19125287,12.42457828
30-Oct-19,12.40374565,12.53707446,12.2787499,12.53290794
31-Oct-19,12.44124438,12.6912359,12.34958083,12.66207022
1-Nov-19,12.74540072,13.01205834,12.43291133,12.67873632
4-Nov-19,12.87039648,13.00789181,12.48290963,12.64957064
5-Nov-19,12.67040327,12.74956725,12.32458167,12.35374735
6-Nov-19,12.52040836,12.7912325,11.70793594,12.3787465
7-Nov-19,12.49957573,12.94539394,12.30791557,12.87456301
8-Nov-19,12.68706937,12.82873123,12.47041006,12.50790878
11-Nov-19,12.43707786,12.68706937,12.4120787,12.68706937
12-Nov-19,12.59937249,12.83844181,12.5867899,12.5909841
13-Nov-19,12.56162471,12.63712028,12.41902196,12.54065371
14-Nov-19,12.53226532,12.62453769,12.27641921,12.2890018
18-Nov-19,12.45676974,12.51968272,12.19253523,12.19672943
19-Nov-19,12.26803081,12.36869157,12.04993248,12.07090348
21-Nov-19,12.13381645,12.51968272,12.11284546,12.51968272
22-Nov-19,12.48193493,12.72519845,12.39805096,12.5742073
25-Nov-19,12.54904211,12.62453769,12.42741035,12.46935234
26-Nov-19,12.42321616,12.46935234,12.20511783,12.24286562
27-Nov-19,12.30997279,12.43579875,12.22189462,12.3015844
28-Nov-19,12.2973902,12.38966257,12.08348607,12.38546837
29-Nov-19,12.36869157,12.39805096,12.16737004,12.22608882
2-Dec-19,12.33094379,12.37288577,12.19253523,12.19253523
3-Dec-19,12.23447722,12.24286562,12.04993248,12.15478745
4-Dec-19,12.27222501,12.43999295,12.20931203,12.43999295
5-Dec-19,12.43160455,12.74616944,12.38127417,12.60356669
6-Dec-19,12.64550868,12.83005342,12.63712028,12.72939265
9-Dec-19,12.70842166,12.78391723,12.63292608,12.67067387
10-Dec-19,12.62453769,12.76714044,12.54065371,12.76714044
11-Dec-19,12.79649983,12.8803838,12.69164486,12.75036364
12-Dec-19,12.85102441,13.02298655,12.78391723,12.98943296
13-Dec-19,12.95587937,12.98943296,12.52807112,12.5742073
16-Dec-19,12.60356669,12.65389708,12.33513799,12.33513799
17-Dec-19,12.43160455,12.54065371,12.34352638,12.51968272
18-Dec-19,12.47774074,12.82166502,12.45676974,12.80908242
19-Dec-19,12.77133464,12.89716059,12.75875204,12.83844181
20-Dec-19,12.83424761,12.83424761,12.5909841,12.69164486
23-Dec-19,12.66228547,12.79230563,12.5951783,12.79230563
26-Dec-19,12.83005342,12.97265617,12.79230563,12.96426777
27-Dec-19,13.0501429,13.14794456,12.88005306,12.97785472
30-Dec-19,12.99061146,13.05864739,12.82052162,12.83327836
2-Jan-20,12.97360247,13.05439515,12.88855756,13.05439515
3-Jan-20,13.13093558,13.28401643,12.948089,12.948089
6-Jan-20,12.93958451,13.15644905,12.7354767,13.10116985
7-Jan-20,13.1054221,13.13093558,12.95659349,13.0501429
8-Jan-20,13.0501429,13.08416087,12.85879183,12.96935023
9-Jan-20,12.95659349,13.02037718,12.86304408,12.92682777
10-Jan-20,12.92257552,12.94383675,12.81201713,12.87154857
13-Jan-20,12.90556654,12.93958451,12.8460351,12.89706205
14-Jan-20,12.85453959,12.87154857,12.65893627,12.75673793
15-Jan-20,12.71421547,12.72697221,12.56113462,12.56538686
16-Jan-20,12.58664809,12.62917055,12.47183745,12.55263012
17-Jan-20,12.63767504,12.69295424,12.56113462,12.69295424
20-Jan-20,12.62917055,12.79926039,12.60790932,12.75673793
21-Jan-20,12.67169301,12.73122445,12.56538686,12.59515258
22-Jan-20,12.64192729,12.67594526,12.44632397,12.45482847
23-Jan-20,12.36978355,12.65468403,12.2549729,12.58664809
24-Jan-20,12.56963911,12.66318852,12.39104478,12.45908071
27-Jan-20,12.17418023,12.17843248,11.76596462,11.91904547
28-Jan-20,12.08913531,12.39104478,12.08488307,12.24646841
29-Jan-20,12.33151333,12.3655313,12.19118922,12.26772964
30-Jan-20,12.02535162,12.34852232,11.98282916,12.30599986
31-Jan-20,12.17418023,12.2634774,12.03810836,12.0976398
3-Feb-20,12.12740553,12.21670269,11.97432467,11.98282916
4-Feb-20,12.18268472,12.34852232,12.14441451,12.17418023
5-Feb-20,12.35277456,12.42506274,12.07212633,12.07212633
6-Feb-20,12.20394595,12.54837788,11.95731569,12.40805376
7-Feb-20,12.33151333,12.48034194,12.21670269,12.30174761
10-Feb-20,12.28473863,12.38679253,12.17843248,12.38679253
11-Feb-20,12.50160317,12.59940483,12.44207173,12.53562114
12-Feb-20,12.60365707,12.87580082,12.59940483,12.81201713
13-Feb-20,12.65893627,12.8460351,12.60365707,12.63767504
14-Feb-20,12.69720649,12.73972895,12.4760897,12.51010766
17-Feb-20,12.59940483,12.65893627,12.46333296,12.48459419
18-Feb-20,12.35702681,12.65893627,12.3102521,12.65043178
19-Feb-20,12.70145873,12.99061146,12.65468403,12.99061146
20-Feb-20,13.09691761,13.13518782,12.65043178,12.72271996
21-Feb-20,12.54837788,12.62066606,12.34427007,12.39104478
26-Feb-20,11.49807312,11.64690173,11.06859628,11.1451367
27-Feb-20,10.93677665,11.28120858,10.58384024,10.75818232
28-Feb-20,10.69865088,10.86874072,10.46902959,10.7751913
2-Mar-20,10.84322724,11.37475799,10.83472275,11.28120858
3-Mar-20,11.29821756,11.68517194,10.95378564,11.07710077
4-Mar-20,11.44279392,11.45555066,11.15789344,11.43428943
5-Mar-20,11.19616366,11.34074002,10.50729981,10.75393008
6-Mar-20,10.2479128,10.26066954,9.588814677,9.707877565
9-Mar-20,7.573250084,7.751844416,6.55271105,6.824854793
10-Mar-20,7.930438747,7.930438747,6.960926664,7.466943935
11-Mar-20,7.101250781,7.284097358,6.378368965,6.739809873
12-Mar-20,5.808568004,5.893612924,4.711488542,5.357829931
13-Mar-20,6.420891425,6.548458804,5.40035239,6.548458804
16-Mar-20,5.489649556,5.995666827,5.336568701,5.566189983
17-Mar-20,5.783054528,5.885108432,5.52791977,5.52791977
18-Mar-20,5.013398007,5.226010305,4.622191377,4.800785708
19-Mar-20,4.707236296,5.557685492,4.613686885,5.191992338
20-Mar-20,5.574694475,5.740532069,5.03040699,5.102695172
23-Mar-20,5.149469878,5.1792356,4.796533462,4.890082873
24-Mar-20,5.345073193,5.757541052,5.221758059,5.634225919
25-Mar-20,5.629973673,6.2890718,5.455631588,6.089216239
26-Mar-20,6.123234206,6.459161639,5.872351694,6.11898196
27-Mar-20,5.655487149,5.821324742,5.634225919,5.655487149
30-Mar-20,5.591703459,5.842585972,5.455631588,5.689505117
31-Mar-20,5.783054528,6.18276565,5.783054528,5.948892121
1-Apr-20,5.719270839,6.187017896,5.663991641,6.080711747
2-Apr-20,6.548458804,7.037467091,6.382621211,6.59523351
3-Apr-20,6.931160942,6.956674418,6.348603243,6.522945328
6-Apr-20,6.824854793,6.846116022,6.454909393,6.705791905
7-Apr-20,7.062980567,7.258583882,6.948169926,6.973683402
8-Apr-20,7.016205862,7.454187197,6.973683402,7.364890032
9-Apr-20,7.628529282,7.94744773,7.016205862,7.152277733
13-Apr-20,7.152277733,7.267088374,6.94391768,7.199052439
14-Apr-20,7.237322652,7.35638554,7.062980567,7.114007519
15-Apr-20,6.820602547,7.003449124,6.744062119,6.96517891
16-Apr-20,7.088494043,7.126764257,6.603738002,6.684530675
17-Apr-20,6.697287413,6.85887276,6.61649474,6.85887276
20-Apr-20,6.582476772,6.94391768,6.522945328,6.782332333
22-Apr-20,6.739809873,7.122512011,6.710044151,7.122512011
23-Apr-20,7.31386308,7.411664737,7.067232813,7.20755693
24-Apr-20,7.096998535,7.139520995,6.497431852,6.782332333
27-Apr-20,6.863125006,7.028962599,6.710044151,6.994944632
28-Apr-20,7.245827144,7.33512431,7.071485059,7.33512431
29-Apr-20,7.568997839,7.858150565,7.454187197,7.739087678
30-Apr-20,7.645538266,7.832637089,7.526475379,7.675303988
4-May-20,7.411664737,7.492457411,7.305358588,7.390403507
5-May-20,7.611520298,7.858150565,7.59876356,7.628529282
6-May-20,7.59876356,7.679556234,7.347881048,7.347881048
7-May-20,7.547736609,7.59876356,7.37764677,7.415916983
8-May-20,7.543484363,7.900673025,7.530727625,7.858150565
11-May-20,7.781610137,8.049501634,7.700817464,7.717826448
12-May-20,7.879411795,8.006979174,7.709321956,7.713574202
13-May-20,7.764601153,7.802871367,7.449934951,7.479700673
14-May-20,7.398907999,7.428673721,7.109755273,7.398907999
15-May-20,7.649790512,7.734835432,7.29260185,7.29260185
18-May-20,7.696565218,7.883664041,7.62002479,7.883664041
19-May-20,7.870907303,8.049501634,7.828384843,7.943195484
20-May-20,8.11753757,8.266366179,8.104780832,8.206834735
21-May-20,8.291879655,8.406690296,8.109033078,8.160060029
22-May-20,7.994222436,8.036744896,7.802871367,7.938943238
25-May-20,8.283375163,8.31739313,8.189825751,8.283375163
26-May-20,8.495987461,8.542762167,8.219591473,8.364167836
27-May-20,8.419447034,8.474726232,8.143051045,8.474726232
28-May-20,8.372672328,8.538509921,8.270618425,8.406690296
29-May-20,8.313140884,8.649068317,8.206834735,8.649068317
1-Jun-20,8.568275643,8.742617728,8.504491953,8.644816071
2-Jun-20,8.823410402,9.09980639,8.759626712,9.09980639
3-Jun-20,9.295409705,9.316670935,9.104058636,9.129572112
4-Jun-20,9.095554144,9.261391737,8.946725535,9.112563128
5-Jun-20,9.478256282,9.792922484,9.380454625,9.397463608
8-Jun-20,9.588814677,9.605823661,9.359193395,9.580310185
9-Jun-20,9.367697887,9.371950133,9.201860294,9.235878261
10-Jun-20,9.308166443,9.312418689,8.929716551,9.09980639
12-Jun-20,8.768131204,9.002004733,8.547014413,8.759626712
15-Jun-20,8.42369928,8.967986765,8.308888638,8.802149172
16-Jun-20,9.167842326,9.316670935,9.002004733,9.087049652
17-Jun-20,9.133824358,9.291157459,8.993500241,9.116815374
18-Jun-20,9.006256979,9.257139491,8.963734519,9.18485131
19-Jun-20,9.354941149,9.44849056,9.023265963,9.129572112
22-Jun-20,9.18485131,9.18485131,8.887194091,8.908455321
23-Jun-20,9.023265963,9.384706871,8.989247995,9.20611254
24-Jun-20,9.138076604,9.167842326,8.806401418,8.929716551
25-Jun-20,8.891446337,9.129572112,8.81490591,9.129572112
26-Jun-20,9.019013717,9.129572112,8.83616714,8.861680615
29-Jun-20,8.972239011,9.210364786,8.899950829,9.210364786
30-Jun-20,9.074292914,9.269896229,8.967986765,9.16359008
1-Jul-20,9.248634999,9.461247298,9.150833342,9.231626015
2-Jul-20,9.397463608,9.444238314,9.295409705,9.380454625
3-Jul-20,9.333679919,9.431481576,9.269896229,9.346436657
6-Jul-20,9.520778742,9.720634303,9.486760774,9.571805694
7-Jul-20,9.499517512,9.55479671,9.414472592,9.452742806
8-Jul-20,9.546292218,9.678111843,9.525030988,9.631337137
9-Jul-20,9.686616335,9.699373073,9.380454625,9.414472592
10-Jul-20,9.435733822,9.631337137,9.380454625,9.571805694
13-Jul-20,9.614328153,9.631337137,9.422977084,9.422977084
14-Jul-20,9.410220346,9.763156762,9.295409705,9.737643287
15-Jul-20,9.865210666,9.963012323,9.716382057,9.92474211
16-Jul-20,9.848201682,9.899228634,9.57605794,9.661102859
17-Jul-20,9.707877565,9.792922484,9.601571415,9.669607351
20-Jul-20,9.652598367,9.741895533,9.57605794,9.669607351
21-Jul-20,9.843949436,10.0353005,9.83969719,9.937498848
22-Jul-20,9.907733126,9.954507831,9.784417992,9.801426976
23-Jul-20,9.84839865,9.878164967,9.584754127,9.59751112
24-Jul-20,9.584754127,9.80587534,9.533726154,9.665548416
27-Jul-20,9.72508105,9.886669629,9.546483147,9.865407974
28-Jul-20,9.797370678,9.916435946,9.695314733,9.695314733
29-Jul-20,9.793118347,9.886669629,9.746342705,9.852650981
30-Jul-20,9.746342705,9.746342705,9.567744802,9.703819395
31-Jul-20,9.746342705,9.839893988,9.423165548,9.440174872
3-Aug-20,9.584754127,9.589006458,9.236062983,9.270081631
4-Aug-20,9.125502376,9.376389906,9.036203425,9.261576969
5-Aug-20,9.452931865,9.899426622,9.452931865,9.856903312
6-Aug-20,9.899426622,10.0057349,9.784613685,9.873912636
7-Aug-20,9.720828719,9.742090374,9.589006458,9.691062402
10-Aug-20,9.737838043,9.97171625,9.627277437,9.97171625
11-Aug-20,10.08227686,10.15456648,9.80587534,9.814380002
12-Aug-20,9.93344527,10.06951986,9.814380002,9.984473243
13-Aug-20,9.97171625,10.02699655,9.657043754,9.712324057
14-Aug-20,9.68255774,9.771856692,9.580501796,9.64003443
17-Aug-20,9.644286761,9.712324057,9.418913217,9.610268113
18-Aug-20,9.750595036,9.882417298,9.68255774,9.788866016
19-Aug-20,9.759099698,9.916435946,9.674053078,9.733585712
20-Aug-20,9.576249464,9.72508105,9.503959837,9.665548416
21-Aug-20,9.584754127,9.623025106,9.503959837,9.593258789
24-Aug-20,9.720828719,9.835641657,9.695314733,9.767604361
25-Aug-20,9.818632333,9.844146319,9.648539092,9.72508105
26-Aug-20,9.686810071,9.737838043,9.372137575,9.448679534
27-Aug-20,9.491202844,9.554987809,9.372137575,9.418913217
28-Aug-20,9.461436527,9.584754127,9.380642237,9.584754127
31-Aug-20,9.491202844,9.537978485,9.30835261,9.30835261
1-Sep-20,9.440174872,9.733585712,9.406156224,9.72508105
2-Sep-20,9.750595036,9.822884664,9.576249464,9.695314733
3-Sep-20,9.614520444,9.831389326,9.59751112,9.729333381
4-Sep-20,9.780361354,9.793118347,9.601763451,9.746342705
8-Sep-20,9.567744802,9.567744802,9.316857272,9.465688858
9-Sep-20,9.563492471,9.68255774,9.563492471,9.665548416
10-Sep-20,9.601763451,9.601763451,9.401903893,9.406156224
11-Sep-20,9.406156224,9.465688858,9.248819976,9.304100279
14-Sep-20,9.329614265,9.346623589,9.112745383,9.219053659
15-Sep-20,9.346623589,9.389146899,9.163773355,9.214801328
16-Sep-20,9.291343286,9.35087592,9.18503501,9.240315314
17-Sep-20,9.146764031,9.427417879,9.125502376,9.418913217
18-Sep-20,9.35087592,9.418913217,9.163773355,9.206296665
21-Sep-20,9.053212749,9.125502376,8.84910086,8.887371839
22-Sep-20,8.912885825,9.078726735,8.823586873,8.844848528
23-Sep-20,8.844848528,8.912885825,8.589708667,8.60246566
24-Sep-20,8.606717991,8.806577549,8.530176033,8.674755288
25-Sep-20,8.568447012,8.615222653,8.449381743,8.55994235
28-Sep-20,8.64498897,8.742792584,8.347325799,8.347325799
29-Sep-20,8.347325799,8.445129412,8.18573722,8.211251206
30-Sep-20,8.292045495,8.521671371,8.262279178,8.338821137
1-Oct-20,8.35157813,8.530176033,8.134709248,8.440877081
2-Oct-20,8.389849109,8.39410144,8.087933606,8.087933606
5-Oct-20,8.232512861,8.572699343,8.181484889,8.51741904
6-Oct-20,8.704521605,8.802325218,8.474895729,8.474895729
7-Oct-20,8.504662047,8.525923702,8.317559482,8.415363095
8-Oct-20,8.521671371,8.755549577,8.445129412,8.691764612
9-Oct-20,8.649241301,8.670502957,8.419615426,8.419615426
13-Oct-20,8.466391067,8.55994235,8.389849109,8.55994235
14-Oct-20,8.542933026,8.661998294,8.491905054,8.491905054
15-Oct-20,8.343073468,8.406858433,8.266531509,8.398353771
16-Oct-20,8.364335123,8.381344447,8.215503537,8.219755868
19-Oct-20,8.253774516,8.47914806,8.18573722,8.300550158
20-Oct-20,8.364335123,8.619474984,8.330316475,8.581204005
21-Oct-20,8.572699343,8.64498897,8.432372419,8.572699343
22-Oct-20,8.547185357,8.861857853,8.525923702,8.861857853
23-Oct-20,8.904381163,8.989427783,8.734287922,8.747044915
26-Oct-20,8.64498897,8.730035591,8.51741904,8.610970322
27-Oct-20,8.615222653,8.661998294,8.423867757,8.453634074
28-Oct-20,8.22826053,8.266531509,7.939102021,7.939102021
29-Oct-20,7.837046076,8.236765192,7.543635235,8.202746544
30-Oct-20,8.138961579,8.30905482,8.024148641,8.053914958
3-Nov-20,8.296297826,8.462138736,8.219755868,8.355830461
4-Nov-20,8.508914378,8.534428364,8.194241882,8.385596778
5-Nov-20,8.483400392,8.500409716,8.385596778,8.457886405
6-Nov-20,8.313307151,8.483400392,8.30905482,8.398353771
9-Nov-20,8.97667079,9.648539092,8.946904473,9.189287341
10-Nov-20,9.30835261,9.844146319,9.274333962,9.814380002
11-Nov-20,9.929192939,9.93344527,9.525221492,9.729333381
12-Nov-20,9.669800747,9.703819395,9.257324638,9.316857272
13-Nov-20,9.363632913,9.695314733,9.30835261,9.623025106
16-Nov-20,9.865407974,10.04825821,9.835641657,9.903678953
17-Nov-20,9.801623009,10.26512709,9.771856692,10.07377219
18-Nov-20,10.20134212,10.26087476,10.01423956,10.01423956
19-Nov-20,10.01423956,10.18008047,9.937697601,10.1290525
20-Nov-20,10.13755716,10.20134212,9.980220912,10.05676287
23-Nov-20,10.22685611,10.67335087,10.22260378,10.67335087
24-Nov-20,10.90297674,11.34096684,10.90297674,11.14961194
25-Nov-20,11.14110728,11.26867721,10.91573374,11.16236894
26-Nov-20,11.03054667,11.03479901,10.8689581,10.9795187
27-Nov-20,11.02204201,11.08157465,10.82218245,10.84344411
30-Nov-20,10.74138816,11.00503269,10.56279026,10.58830425
1-Dec-20,10.8009208,10.95825705,10.75414516,10.88596742
2-Dec-20,10.88596742,11.26867721,10.77115448,11.01778968
3-Dec-20,11.11984563,11.43451812,11.07732232,11.32820985
4-Dec-20,11.56208805,11.72367663,11.50680775,11.70666731
7-Dec-20,11.5961067,11.81722791,11.34096684,11.48129376
8-Dec-20,11.40049947,11.5408264,11.25166789,11.33671451
9-Dec-20,11.32395752,11.46853677,11.2261539,11.45577978
10-Dec-20,11.56208805,11.99157349,11.53657407,11.82998491
11-Dec-20,11.68965798,11.83848957,11.60035903,11.72367663
14-Dec-20,11.91928386,12.0213398,11.74493829,11.74493829
15-Dec-20,11.82148024,11.90227453,11.75344295,11.8427419
16-Dec-20,11.8427419,12.00858281,11.68115332,11.98732115
17-Dec-20,12.0340968,12.07236778,11.93629318,12.00858281
18-Dec-20,11.94905018,12.04260146,11.91503153,11.94905018
21-Dec-20,11.56208805,11.68965798,11.27718187,11.48979842
22-Dec-20,11.56634038,11.68115332,11.50255542,11.60035903
23-Dec-20,11.664144,12.01283514,11.63012535,11.88526521
28-Dec-20,12.05961078,12.12764808,11.98306882,11.98306882
29-Dec-20,12.06811544,12.0893771,11.90227453,12.0213398
30-Dec-20,12.05535845,12.11489109,11.99157349,12.05110612
4-Jan-21,12.18292838,12.40830193,12.13190041,12.29348899
5-Jan-21,12.28923666,12.83353503,12.00858281,12.77400239
6-Jan-21,12.82503037,13.13970286,12.77825473,12.78675939
7-Jan-21,12.90157232,13.24601114,12.90157232,13.18222617
8-Jan-21,13.3778334,13.50540333,12.90582466,13.23325414
11-Jan-21,13.01638526,13.20774016,12.92708631,13.12269354
12-Jan-21,13.23325414,13.42035671,13.02488992,13.02488992
13-Jan-21,13.04615158,13.12269354,12.33175997,12.39554493
14-Jan-21,12.40404959,12.61666615,12.2126947,12.52311486
15-Jan-21,12.35302162,12.36577862,11.91928386,11.95755484
18-Jan-21,12.03834913,12.267975,11.9107792,11.93629318
19-Jan-21,12.11063875,12.27222733,11.75344295,12.19993771
20-Jan-21,12.31049831,12.38278794,11.95330251,11.99582582
21-Jan-21,11.91503153,12.07662011,11.69816265,11.71517197
22-Jan-21,11.45152745,11.58334971,11.2941912,11.51956474
26-Jan-21,11.58760204,11.89376987,11.4047518,11.48129376
27-Jan-21,11.40049947,11.97881649,11.2814342,11.64288234
28-Jan-21,11.61736836,12.09788176,11.61311602,11.80447092
29-Jan-21,11.70241498,11.77045227,11.3494715,11.3494715
1-Feb-21,11.59185437,11.77045227,11.40900414,11.70666731
2-Feb-21,12.07662011,12.3912926,11.99157349,12.18718071
3-Feb-21,12.32325531,12.3912926,12.18718071,12.267975
4-Feb-21,12.25947034,12.32750764,11.99582582,12.25521801
5-Feb-21,12.32325531,12.79526405,12.04260146,12.34026463
8-Feb-21,12.12339575,12.4593299,11.82148024,11.95330251
9-Feb-21,11.92778852,12.06386311,11.64288234,11.71091964
10-Feb-21,11.79596626,11.92353619,11.53232174,11.82148024
11-Feb-21,11.9660595,12.11914342,11.85124656,11.94054551
12-Feb-21,11.82573258,12.11489109,11.74068596,12.09362943
17-Feb-21,12.12764808,12.58689983,11.96180717,12.5826475
18-Feb-21,12.91858165,13.14820752,12.34876929,12.44657291
19-Feb-21,11.91928386,12.11489109,11.55358339,11.62162069
22-Feb-21,9.695314733,9.865407974,9.09998839,9.121250045
23-Feb-21,9.801623009,10.31615506,9.657043754,10.23110844
24-Feb-21,10.43947266,10.63082756,10.20984679,10.3756877
25-Feb-21,10.63082756,10.73713583,9.822884664,9.861155643
26-Feb-21,9.865407974,9.958959257,9.342371258,9.457184196
1-Mar-21,9.695314733,9.797370678,9.321109603,9.355128251
2-Mar-21,9.287090955,9.495455175,8.789568225,9.35087592
3-Mar-21,9.270081631,9.30835261,8.708773936,9.010689438
4-Mar-21,9.05746508,9.525221492,8.980923121,9.448679534
5-Mar-21,9.542230816,9.873912636,9.478445851,9.520969161
8-Mar-21,9.329614265,9.47419352,8.912885825,8.972418459
9-Mar-21,9.082979066,9.333866596,8.870362515,9.180782679
10-Mar-21,9.329614265,9.499707506,9.176530348,9.499707506
11-Mar-21,9.618772775,9.988725574,9.614520444,9.903678953
12-Mar-21,9.844146319,9.941949932,9.720828719,9.852650981
15-Mar-21,9.827136995,10.06526753,9.822884664,10.05676287
16-Mar-21,10.04825821,10.06951986,9.878164967,9.899426622
17-Mar-21,9.839893988,10.26087476,9.827136995,10.2396131
18-Mar-21,10.15456648,10.16307115,9.810127671,9.882417298
19-Mar-21,9.895174291,10.22260378,9.856903312,10.20559446
22-Mar-21,10.07377219,10.11204317,9.878164967,10.00148257
23-Mar-21,9.852650981,10.04825821,9.695314733,9.695314733
24-Mar-21,9.861155643,10.00998723,9.703819395,9.703819395
25-Mar-21,9.652791423,9.907931284,9.423165548,9.865407974
26-Mar-21,9.984473243,10.15456648,9.827136995,9.975968581
29-Mar-21,9.924940608,10.13330483,9.899426622,10.13330483
30-Mar-21,10.05251054,10.20134212,10.02274422,10.13330483
31-Mar-21,10.12054784,10.30339807,10.11204317,10.24811777
1-Apr-21,10.32891206,10.37143537,10.11204317,10.15881881
5-Apr-21,10.26087476,10.29064108,10.06951986,10.22260378
6-Apr-21,10.28213641,10.3629307,10.16732348,10.21409912
7-Apr-21,10.18008047,10.35017371,10.17582814,10.20559446
8-Apr-21,10.19708979,10.22260378,9.937697601,10.07802453
9-Apr-21,9.992977905,10.11204317,9.937697601,10.05676287
12-Apr-21,10.18858513,10.3629307,10.11204317,10.15881881
13-Apr-21,10.19708979,10.2523701,10.07377219,10.19283746
14-Apr-21,10.29064108,10.45222966,10.19708979,10.35442604
15-Apr-21,10.41720885,10.47434965,10.11831846,10.14908659
16-Apr-21,10.16666838,10.21501829,10.02601408,10.08755034
19-Apr-21,10.08755034,10.94026701,10.0084323,10.67214476
20-Apr-21,10.69412199,10.80840361,10.44358153,10.46995421
22-Apr-21,10.6106085,10.63258574,10.39523161,10.42160429
23-Apr-21,10.49632689,10.52269957,10.33369536,10.4128134
26-Apr-21,10.48314055,10.57104948,10.37764982,10.45237242
27-Apr-21,10.46995421,10.62379484,10.15348204,10.15348204
28-Apr-21,10.28534544,10.58863127,10.26776366,10.52269957
29-Apr-21,10.60181761,10.6765402,10.29413634,10.38204527
30-Apr-21,10.28534544,10.51830412,10.23260008,10.38204527
3-May-21,10.46116331,10.46555876,10.24139097,10.29853178
4-May-21,10.3468817,10.39083616,10.05678221,10.06117766
5-May-21,10.18425017,10.52709501,10.16227293,10.47434965
6-May-21,10.42160429,10.48314055,10.28534544,10.32929991
7-May-21,10.39083616,10.74686735,10.31171812,10.71609923
10-May-21,10.90070799,10.97982603,10.80400816,10.85675352
11-May-21,10.74247191,11.06333952,10.68972654,11.05454863
12-May-21,10.96663969,11.2215756,10.85235808,10.8919171
13-May-21,10.8831262,11.03257139,10.73807646,10.98422148
14-May-21,11.34025267,11.59518858,11.2303665,11.55123411
17-May-21,11.56002501,11.71826109,11.51607054,11.71826109
18-May-21,11.73584288,11.77979734,11.54683867,11.58200224
19-May-21,11.3622299,11.58200224,11.34025267,11.4940933
20-May-21,11.4940933,11.55123411,11.30508909,11.39739347
21-May-21,11.46332518,11.56442045,11.40178892,11.40618437
24-May-21,11.55123411,11.65672483,11.42376616,11.59958403
25-May-21,11.63914305,11.7006793,11.33146177,11.35783445
26-May-21,11.38860258,11.50727964,11.27432097,11.46772062
27-May-21,11.46332518,11.53804777,11.32706633,11.38860258
28-May-21,11.51607054,11.87649717,11.4940933,11.86331083
31-May-21,11.85012449,11.95561521,11.77100645,11.81056547
1-Jun-21,12.04352415,12.17538755,11.87210173,11.99517424
2-Jun-21,12.02154692,12.33801908,11.9819879,12.33362364
4-Jun-21,12.33362364,12.57976866,12.27208738,12.52702329
7-Jun-21,12.52702329,12.54900053,12.3116464,12.43471891
8-Jun-21,12.38197355,12.6588867,12.28966917,12.59735044
9-Jun-21,12.62372312,12.78195921,12.53581419,12.59735044
10-Jun-21,12.67207304,12.75998197,12.55779142,12.60614134
11-Jun-21,12.6588867,12.68086393,12.42153257,12.55779142
14-Jun-21,12.70284117,12.90063627,12.57537321,12.63690946
15-Jun-21,12.72921385,12.77316831,12.5841641,12.75998197
16-Jun-21,12.78195921,12.87426359,12.64570036,12.80833189
17-Jun-21,12.75119108,12.83470457,12.26769194,12.36439176
18-Jun-21,12.30725096,12.49185972,12.14901487,12.44790525
21-Jun-21,12.48306883,12.74679563,12.48306883,12.7248184
22-Jun-21,12.74679563,12.8654727,12.60174589,12.7907501
23-Jun-21,12.8566818,12.97535887,12.74679563,12.87865904
24-Jun-21,12.96217253,13.03249967,12.84349546,13.03249967
25-Jun-21,13.05008146,13.09403593,12.7248184,12.7907501
28-Jun-21,12.82591368,12.8654727,12.60174589,12.76877287
29-Jun-21,12.78635465,12.82591368,12.63251402,12.82591368
30-Jun-21,12.75998197,12.9973361,12.71163206,12.93579984
1-Jul-21,13.07205869,13.13359495,12.71163206,12.77316831
2-Jul-21,12.87865904,12.91382261,12.62811857,12.82591368
5-Jul-21,12.75119108,12.81712278,12.46988249,12.68086393
6-Jul-21,12.61493223,12.6588867,12.16220121,12.16220121
7-Jul-21,12.37318266,12.37318266,12.0479196,12.32922819
8-Jul-21,12.04352415,12.16659666,11.98638334,12.08308317
12-Jul-21,12.12264219,12.21055113,11.99077879,12.18857389
13-Jul-21,12.1138513,12.29406462,12.03473326,12.26329649
14-Jul-21,12.35120542,12.39515989,12.1050604,12.16220121
15-Jul-21,12.08308317,12.14461943,11.83254271,11.90286985
16-Jul-21,11.96880156,12.03473326,11.68309752,11.72705198
19-Jul-21,11.41497526,11.62595671,11.36662535,11.53365232
20-Jul-21,11.51167509,11.8413336,11.38420713,11.68749296
21-Jul-21,11.7754019,11.973197,11.68749296,11.85012449
22-Jul-21,11.86770628,11.96440611,11.74023832,11.82375181
23-Jul-21,11.91166075,11.94242887,11.72705198,11.75342466
26-Jul-21,11.75342466,12.07429228,11.74463377,12.07429228
27-Jul-21,12.02154692,12.04352415,11.82375181,11.93363798
28-Jul-21,12.05671049,12.26329649,11.95561521,12.179783
29-Jul-21,12.21934202,12.27208738,12.08747862,12.22373747
30-Jul-21,12.13143309,12.23252836,11.79298368,11.82814726
2-Aug-21,11.95561521,12.0479196,11.59079313,11.60837492
3-Aug-21,11.58639769,11.81056547,11.33585722,11.80177458
4-Aug-21,11.66991117,11.766611,11.40618437,11.55123411
5-Aug-21,12.63690946,12.73800474,12.33362364,12.46109159
6-Aug-21,12.52702329,12.54460508,12.31604185,12.47867338
9-Aug-21,12.28527372,12.39955534,12.16220121,12.39076445
10-Aug-21,12.43911436,12.6500958,12.41274168,12.43032347
11-Aug-21,12.3775781,12.74240019,12.29406462,12.60174589
12-Aug-21,12.59735044,12.83030912,12.52702329,12.7907501
13-Aug-21,12.77316831,13.01491789,12.75558653,12.90063627
16-Aug-21,12.83470457,12.85228636,12.41274168,12.58855955
17-Aug-21,12.50003087,12.86795279,12.31839852,12.58851842
18-Aug-21,12.58851842,12.71892112,12.41154332,12.47674467
19-Aug-21,12.22991097,12.51400258,12.16936686,12.40688608
20-Aug-21,12.29511233,12.40222884,12.18799582,12.38825712
23-Aug-21,12.54660326,12.71892112,12.46743019,12.58386118
24-Aug-21,12.70960664,12.86795279,12.68632045,12.84466659
25-Aug-21,12.86795279,12.96109758,12.7515218,12.91452518
26-Aug-21,12.84466659,12.98438378,12.79343696,12.80275143
27-Aug-21,12.90055346,13.26847539,12.88658175,13.26847539
30-Aug-21,13.22656023,13.37093466,13.16135888,13.17998784
31-Aug-21,13.13341544,13.14738716,12.56988946,12.66303425
1-Sep-21,12.72357836,12.73289284,12.26251165,12.59317566
2-Sep-21,12.5745467,12.73755008,12.32305576,12.38825712
3-Sep-21,12.41154332,12.47208743,12.15539514,12.26251165
6-Sep-21,12.20662478,12.43948675,12.17868134,12.32305576
8-Sep-21,12.24388269,12.27182613,11.54529676,11.62912708
9-Sep-21,11.68035671,12.05293587,11.2425762,11.87596077
10-Sep-21,12.11813723,12.1740241,11.7967877,11.80144494
13-Sep-21,12.01567796,12.29045509,11.94116212,12.21593926
14-Sep-21,12.08553655,12.22525373,11.97842004,12.05293587
15-Sep-21,12.10882275,12.32305576,12.04827863,12.26251165
16-Sep-21,12.14608066,12.2205965,11.88061801,12.15539514
17-Sep-21,12.09485103,12.11813723,11.53598229,11.61049812
20-Sep-21,11.21463276,11.48009541,11.07957281,11.48009541
21-Sep-21,11.68035671,11.77815874,11.42420854,11.74090082
22-Sep-21,11.88993249,12.21128202,11.88527525,12.03896415
23-Sep-21,12.08553655,12.5512605,12.06690759,12.50003087
24-Sep-21,12.36497092,12.60249014,12.327713,12.5279743
27-Sep-21,12.63974805,12.78877972,12.34168472,12.63974805
28-Sep-21,12.66303425,12.98904102,12.44414399,12.55591774
29-Sep-21,12.67234873,12.82138039,12.49071639,12.75617904
30-Sep-21,12.82138039,12.84466659,12.65371977,12.68166321
1-Oct-21,12.63043357,13.04027065,12.60714738,13.04027065
4-Oct-21,12.9284969,13.41750705,12.90986794,13.40819257
5-Oct-21,13.5059946,13.72488486,13.45942221,13.70159866
6-Oct-21,13.4827084,13.58516767,13.25916091,13.33833398
7-Oct-21,13.36627742,13.49668012,13.15670164,13.31970502
8-Oct-21,13.5059946,13.79008621,13.37093466,13.56188148
11-Oct-21,13.73885658,13.90185996,13.57585319,13.65502627
13-Oct-21,13.58516767,13.83200137,13.54325252,13.79940069
14-Oct-21,13.9065172,14.07417782,13.73885658,13.82268689
15-Oct-21,13.87857376,13.89720272,13.74351382,13.78542897
18-Oct-21,13.69228418,13.80405793,13.50133736,13.71557038
19-Oct-21,13.61776835,13.65502627,12.9750693,13.04492789
20-Oct-21,13.16601612,13.41284981,13.01698445,13.23121747
21-Oct-21,12.9750693,13.12410096,12.53728878,12.78412248
22-Oct-21,12.62111909,12.9284969,12.00170624,12.65837701
25-Oct-21,12.9284969,13.65036903,12.87726727,13.52462356
26-Oct-21,13.41284981,13.61311111,13.31970502,13.39422085
27-Oct-21,13.42682153,13.53393804,13.25916091,13.36162018
28-Oct-21,13.28710434,13.62242559,13.15670164,13.48736564
29-Oct-21,13.56653872,13.59448215,12.56057498,12.69097769
1-Nov-21,12.9052107,13.18930231,12.74686456,13.04027065
3-Nov-21,12.9052107,12.97041206,12.48140191,12.50468811
4-Nov-21,12.58386118,12.68632045,12.03896415,12.10882275
5-Nov-21,12.24388269,12.36031368,12.00636348,12.03896415
8-Nov-21,12.0203352,12.41620055,11.97842004,12.16470962
9-Nov-21,12.20196754,12.5512605,12.20196754,12.40688608
10-Nov-21,12.38825712,12.54194602,12.18333858,12.30908405
11-Nov-21,12.51865982,12.51865982,12.2205965,12.31839852
12-Nov-21,12.25319717,12.64906253,12.10882275,12.56988946
16-Nov-21,12.69563493,12.83535211,12.40222884,12.70029217
17-Nov-21,12.75617904,12.77946524,12.33702748,12.37894264
18-Nov-21,12.43017227,12.45811571,12.13210894,12.36031368
19-Nov-21,12.15539514,12.23922545,12.00636348,12.15539514
22-Nov-21,12.24853993,12.63509081,12.24388269,12.27648337
23-Nov-21,12.39291436,13.06355685,12.34168472,12.94712586
24-Nov-21,12.93781138,13.24518919,12.81206591,13.21258851
25-Nov-21,13.5292808,13.87391652,13.30107606,13.79474345
26-Nov-21,13.22190299,13.58051043,13.07287133,13.25916091
29-Nov-21,13.67365522,13.88788824,13.41750705,13.72488486
30-Nov-21,13.64571179,13.80405793,13.44079325,13.7062559
1-Dec-21,13.89720272,14.2837536,13.7295421,13.78542897
2-Dec-21,14.12052243,14.90528655,13.70721333,14.83727366
3-Dec-21,14.90005479,15.14071579,14.76402901,15.04654409
6-Dec-21,15.05700762,15.3133639,15.00469001,15.11455699
7-Dec-21,15.31859566,15.47031672,15.06747114,15.36044974
8-Dec-21,15.36044974,15.73190476,15.28720509,15.35521798
9-Dec-21,15.22442396,15.42846263,15.06223938,15.32382742
10-Dec-21,15.43369439,15.74760004,15.42323087,15.51217081
13-Dec-21,15.52263433,15.72144124,15.32382742,15.41799911
14-Dec-21,15.49124376,15.61680602,15.17733811,15.23488748
15-Dec-21,15.22442396,15.32905918,14.95760416,15.32905918
16-Dec-21,15.49647552,15.68481891,15.43369439,15.53309785
17-Dec-21,15.3395227,15.50693905,15.05700762,15.16687459
20-Dec-21,14.87912775,14.93667712,14.48151393,14.73263845
21-Dec-21,14.93667712,15.02561705,14.7117114,14.75356549
22-Dec-21,14.85820071,14.85820071,14.63323499,14.73263845
23-Dec-21,14.82157838,14.86866423,14.72740668,14.82157838
27-Dec-21,14.81634662,15.05700762,14.72740668,15.04131233
28-Dec-21,15.17733811,15.31859566,15.01515353,15.05700762
29-Dec-21,15.01515353,15.11978875,14.86866423,14.93144536
30-Dec-21,14.93667712,15.01515353,14.85296894,14.88435951
3-Jan-22,14.93144536,15.28720509,14.9262136,15.2191922
4-Jan-22,15.25581453,15.38137679,15.12502051,15.27674157
5-Jan-22,15.27150981,15.3133639,14.61753971,14.6855526
6-Jan-22,14.80065134,14.98899473,14.5652221,14.67508908
7-Jan-22,14.70647964,14.80065134,14.55475858,14.74310197
10-Jan-22,14.64369851,14.77449253,14.50244097,14.65416203
11-Jan-22,14.70124788,15.20872868,14.57045386,15.08839818
12-Jan-22,15.14594755,15.64819659,15.14594755,15.54879313
13-Jan-22,15.44938968,16.02488337,15.43369439,15.86269878
14-Jan-22,15.84177174,16.53236416,15.82084469,16.45388775
17-Jan-22,16.42772895,16.64223114,16.34925254,16.48004656
18-Jan-22,16.51143712,16.73117108,16.20276323,16.55329121
19-Jan-22,16.68931699,16.85150157,16.44865599,16.4748148
20-Jan-22,16.48004656,16.7416346,16.27600789,16.59514529
21-Jan-22,16.51666888,16.67885347,16.49574184,16.6213041
24-Jan-22,16.57945001,16.87242862,16.23938556,16.71547579
25-Jan-22,16.58468177,17.38514118,16.52190064,17.25957892
26-Jan-22,17.4217635,17.9292443,17.4217635,17.71997387
27-Jan-22,17.91878078,18.12281945,17.35375061,17.72520563
28-Jan-22,17.68335154,17.97109839,16.84626981,17.02414968
31-Jan-22,17.00322264,17.26481068,16.77825692,16.92474623
1-Feb-22,16.92474623,17.43222702,16.71547579,17.26481068
2-Feb-22,17.47931287,17.52116696,16.92997799,17.01368616
3-Feb-22,16.92474623,17.22295659,16.54282769,16.77825692
4-Feb-22,16.95613679,17.38514118,16.67885347,17.07123553
7-Feb-22,17.02938144,17.14971194,16.80964749,16.82011101
8-Feb-22,16.68931699,16.71547579,16.3544843,16.65269466
9-Feb-22,16.60560882,17.10262609,16.55852297,16.71547579
10-Feb-22,16.89858742,17.21249307,16.71024403,16.97183207
11-Feb-22,17.14448018,17.74090091,17.07123553,17.6624245
14-Feb-22,17.71474211,17.75659619,17.17063898,17.26481068
15-Feb-22,17.08693081,17.09739433,16.68408523,16.99275912
16-Feb-22,17.17587074,17.63103394,17.14448018,17.22818835
17-Feb-22,17.18633427,17.41653174,17.02938144,17.16017546
18-Feb-22,17.03984496,17.31189653,16.88289214,17.26481068
21-Feb-22,17.29096948,17.78798676,17.26481068,17.70951035
22-Feb-22,17.9030855,18.14374649,17.37467766,17.65196098
23-Feb-22,17.88215845,18.10189241,17.68335154,17.9030855
24-Feb-22,18.20652762,18.4628839,17.09739433,17.46884935
25-Feb-22,17.50023992,17.78798676,17.21249307,17.78798676
2-Mar-22,18.44718862,18.4628839,17.99202543,18.13851473
3-Mar-22,18.21699115,18.27454052,17.87169493,17.91354902
4-Mar-22,17.82984085,18.14374649,17.69381507,17.90831726
7-Mar-22,18.0495748,18.10189241,16.54805945,16.63699938
8-Mar-22,16.7416346,17.2491154,16.48527832,16.98229559
9-Mar-22,17.05554025,17.17063898,16.60560882,17.0346132
10-Mar-22,17.05554025,18.10189241,17.01368616,17.63103394
11-Mar-22,17.74090091,17.98679367,16.77825692,16.99799088
14-Mar-22,16.96660031,17.20726131,16.49051008,16.67362171
15-Mar-22,16.29170317,16.5009736,15.94117519,16.27077612
16-Mar-22,16.48004656,16.5009736,15.88885759,16.12951858
17-Mar-22,16.34925254,16.42772895,15.43369439,15.7005142
18-Mar-22,15.74236828,16.12428682,15.62203778,16.01441984
21-Mar-22,16.17137267,16.78872044,16.03011513,16.61607234
22-Mar-22,16.73640284,16.79395221,16.40157014,16.54282769
23-Mar-22,16.70501227,16.98752736,16.57945001,16.7677934
24-Mar-22,16.7677934,17.05554025,16.56898649,16.96136855
25-Mar-22,16.82011101,17.02938144,16.69978051,16.89858742
28-Mar-22,16.77302516,16.78348868,16.20799499,16.53236416
29-Mar-22,16.80964749,17.13924842,16.69978051,16.89858742
30-Mar-22,17.00322264,17.25957892,16.94044151,17.25957892
31-Mar-22,17.03984496,17.56302104,17.00322264,17.50023992
1-Apr-22,17.55255752,17.67811978,17.21772483,17.27004244
4-Apr-22,17.21249307,17.21249307,16.87242862,17.10785785
5-Apr-22,17.08693081,17.29620124,16.94567327,16.94567327
6-Apr-22,17.05554025,17.14971194,16.76256164,16.92997799
7-Apr-22,17.07646729,17.81937732,17.00322264,17.8089138
8-Apr-22,17.82460909,18.00248895,17.70951035,17.89785374
11-Apr-22,17.73566915,17.84030437,17.67288802,17.76182796
12-Apr-22,17.99725719,18.14374649,17.68335154,17.70951035
13-Apr-22,17.98156191,18.20652762,17.84030437,18.08619713
14-Apr-22,18.08634273,18.35534846,17.83450758,17.89746637
18-Apr-22,17.83450758,17.96614868,17.43958427,17.58267243
19-Apr-22,17.83450758,18.31528378,17.81161348,18.11496036
20-Apr-22,18.11496036,18.28666615,17.93180753,18.20081326
22-Apr-22,17.77154879,17.91463695,17.35373138,17.49109601
25-Apr-22,17.15340797,17.4224137,16.90729634,17.23353733
26-Apr-22,17.23353733,17.50254306,17.10761976,17.2049197
27-Apr-22,17.38234901,17.49109601,17.14196091,17.2049197
28-Apr-22,17.42813722,17.52543717,17.3136667,17.31939022
29-Apr-22,17.59984301,18.08061921,17.33083728,17.33083728
2-May-22,17.26787849,17.35945491,16.78710229,17.15913149
3-May-22,17.23926086,17.39379606,17.06755507,17.3136667
4-May-22,17.51399011,18.41258372,17.39951959,18.35534846
5-May-22,18.20653678,18.60146009,17.75437821,18.32100731
6-May-22,18.71020709,18.95631871,18.25804852,18.92197756
9-May-22,18.71593061,18.9105305,18.34962494,18.4068602
10-May-22,18.52133072,18.80178351,18.4297543,18.56711893
11-May-22,18.76171882,19.40847728,18.71020709,19.21387739
12-May-22,19.03644808,19.50577723,19.03644808,19.36268907
13-May-22,19.51722428,19.71182417,19.40275375,19.61452422
16-May-22,19.60307717,19.96365932,19.46571254,19.80912411
17-May-22,20.03234163,20.112471,19.54011838,19.55156543
18-May-22,19.56301249,19.78050648,19.13374802,19.23104797
19-May-22,19.18525976,19.62597128,19.07651276,19.55728896
20-May-22,19.79767706,19.93504169,19.60307717,19.93504169
23-May-22,20.13536511,20.78212356,20.11819453,20.71916478
24-May-22,19.8556893,20.42208556,19.54385315,20.11024942
25-May-22,20.17388945,20.54300162,19.89387332,20.39662955
26-May-22,20.37753754,20.7211937,20.33298952,20.44754157
27-May-22,20.46026958,20.46026958,19.45475711,19.47384912
30-May-22,19.62658519,19.6456772,18.53197668,19.08564494
31-May-22,19.35293306,19.48657712,18.97109288,19.13019296
1-Jun-22,19.02836891,19.30202104,18.9965489,19.10473695
2-Jun-22,19.07291693,19.12382895,18.80562881,18.93927287
3-Jun-22,18.90745285,19.37202507,18.7929008,19.27020102
6-Jun-22,19.41020909,19.4293011,19.03473291,19.28292903
7-Jun-22,19.212925,19.91932933,19.19383299,19.51203314
8-Jun-22,19.35929707,19.82386928,19.30202104,19.41657309
9-Jun-22,19.41657309,19.51203314,19.07928093,19.13655696
10-Jun-22,19.09837294,19.09837294,18.49379266,18.86926884
13-Jun-22,18.46833665,18.82472081,18.24559654,18.62743672
14-Jun-22,18.87563284,19.25110901,18.60834471,18.83744882
15-Jun-22,19.09200894,19.10473695,18.35378459,18.50652067
17-Jun-22,17.92739639,18.10558848,16.62913979,17.38009214
20-Jun-22,16.55913575,17.97830842,16.48913172,17.57737623
21-Jun-22,17.69192828,17.92103239,16.98552395,17.22735607
22-Jun-22,16.91551992,17.53282821,16.79460386,17.17644404
23-Jun-22,17.17008004,17.42464016,16.62277578,16.85824389
24-Jun-22,17.03007197,17.24008407,16.6609598,16.73096383
27-Jun-22,17.06825599,17.86375636,16.96643194,17.80648034
28-Jun-22,18.18832052,18.34742059,17.83193635,18.02922044
29-Jun-22,18.12468049,18.34105659,17.7173843,17.87012037
30-Jun-22,17.59646824,17.85739236,17.43736817,17.77466032
1-Jul-22,17.87012037,18.3601486,17.5137362,18.1565005
4-Jul-22,18.1628645,18.63380073,18.1628645,18.54470468
5-Jul-22,18.39196861,18.42378863,17.53282821,17.83830035
6-Jul-22,17.92103239,18.12468049,17.12553202,17.60919625
7-Jul-22,17.81920834,18.40469662,17.81920834,18.12468049
8-Jul-22,18.1565005,18.43651663,18.05467645,18.32832858
11-Jul-22,18.02285644,18.32196458,17.97830842,18.23923254
12-Jul-22,18.01012843,18.09286047,17.80011633,17.96558041
13-Jul-22,17.90194038,18.12468049,17.80648034,17.97830842
14-Jul-22,17.81920834,17.81920834,17.33554412,17.49464419
15-Jul-22,17.62828825,17.85102836,17.49464419,17.79375233
18-Jul-22,18.06740446,18.25832455,18.01012843,18.20104852
19-Jul-22,18.16922851,18.60834471,18.07376846,18.5701607
20-Jul-22,18.50015666,18.59561671,18.34742059,18.56379669
21-Jul-22,18.44288064,18.53834068,17.9464884,18.46833665
22-Jul-22,18.48106465,18.75471678,18.3601486,18.66562074
25-Jul-22,18.84381282,19.56930916,18.84381282,19.53748915
26-Jul-22,19.8556893,20.12297742,19.46748512,19.73477324
27-Jul-22,19.91932933,20.02751738,19.48657712,19.95114934
28-Jul-22,20.10388541,20.76574172,20.00206137,20.54936562
29-Jul-22,21.38305001,22.05763433,20.89302178,21.73307018
1-Aug-22,21.63761013,21.73307018,21.1412179,21.43396204
2-Aug-22,21.49123806,21.95581028,21.30668198,21.52942208
3-Aug-22,21.64397413,21.73943418,21.357594,21.5612421
4-Aug-22,21.68852216,21.89217025,21.37032201,21.77125419
5-Aug-22,21.73307018,22.31219445,21.71397817,22.19127839
8-Aug-22,22.36310647,23.40043896,22.35674247,23.31134292
9-Aug-22,23.55317503,23.83955516,23.45135098,23.69318309
10-Aug-22,23.96047122,23.96047122,23.29861491,23.61681506
11-Aug-22,23.83319116,24.09411528,23.0695108,23.0695108
12-Aug-22,22.74284324,24.87645018,22.72721242,24.78266526
15-Aug-22,24.13398623,25.18906658,23.87607769,24.79048067
16-Aug-22,24.79048067,25.06402002,24.61854165,25.01712756
17-Aug-22,24.7357728,25.65017578,24.69669575,25.60328331
18-Aug-22,25.86900726,26.30667022,25.68925283,26.11910038
19-Aug-22,25.72832988,25.90808431,24.48567968,24.79829608
22-Aug-22,24.80611149,25.46260593,23.82136982,25.32974396
23-Aug-22,25.50168298,26.18162366,25.49386757,26.1347312
24-Aug-22,26.2128853,26.66617908,25.98623841,26.2910394
25-Aug-22,26.65054826,26.85374892,25.53294462,26.00968464
26-Aug-22,26.00968464,26.31448563,25.45479052,26.2910394
29-Aug-22,26.22070071,27.41645845,26.14254661,26.94753384
30-Aug-22,26.57239416,26.74433318,25.22032822,25.34537478
31-Aug-22,25.06402002,26.1347312,24.86863477,25.97060759
1-Sep-22,26.07220792,26.53331711,25.60328331,26.45516301
2-Sep-22,26.9162722,27.01787253,25.99405382,26.11910038
5-Sep-22,26.45516301,26.65836367,25.90808431,26.04876169
6-Sep-22,25.22032822,25.47042134,24.62635706,25.08746625
8-Sep-22,25.25158986,25.61891413,24.54038755,24.85300395
9-Sep-22,25.39226724,25.53294462,24.77484985,24.84518854
12-Sep-22,25.1265433,25.57983708,24.58728001,24.68106493
13-Sep-22,24.18087869,24.57164919,23.85263146,23.95423179
14-Sep-22,24.0323859,24.56383378,23.93860097,24.32155607
15-Sep-22,24.16524787,24.40752558,24.07146295,24.27466361
16-Sep-22,24.11835541,24.1886941,23.71195408,24.05583213
19-Sep-22,23.83700064,24.52475673,23.35244522,24.43878722
20-Sep-22,24.55601837,24.69669575,24.10272459,24.29810984
21-Sep-22,24.5013105,24.59509542,24.14180164,24.36063312
22-Sep-22,24.60291083,25.07183543,24.25121738,24.96241969
23-Sep-22,24.47786427,24.53257214,23.26647571,23.39933768
26-Sep-22,23.22739866,23.50875342,22.82881275,23.024198
27-Sep-22,23.36807604,23.60253834,23.06327505,23.18832161
28-Sep-22,23.18832161,23.30555276,22.33644192,22.87570521
29-Sep-22,22.65687373,22.97730554,22.35207274,22.90696685
30-Sep-22,22.83662816,23.82918523,22.66468914,23.28992194
3-Oct-22,24.93897346,25.50949839,24.74358821,25.14998953
4-Oct-22,25.71269906,25.77522234,24.28247902,24.51694132
5-Oct-22,24.54820296,25.65017578,24.38407935,25.4391597
6-Oct-22,25.79085316,26.40827055,25.35319019,26.30667022
7-Oct-22,26.24414694,26.82248728,25.96279218,26.28322399
10-Oct-22,26.29885481,26.48642465,25.79085316,25.98623841
11-Oct-22,25.70488365,26.04876169,25.48605216,25.79085316
13-Oct-22,25.40008265,26.95534925,25.32974396,26.5255017
14-Oct-22,26.54894793,26.6818099,26.02531546,26.11910038
17-Oct-22,25.978423,26.68962531,25.6658066,26.09565415
18-Oct-22,26.49424006,26.75214859,25.91589972,26.73651777
19-Oct-22,26.67399449,27.79159813,26.58802498,27.68218239
20-Oct-22,28.21363027,28.56532372,27.95572174,28.50280044
21-Oct-22,28.48716962,30.00335917,28.44027716,29.4797267
24-Oct-22,28.52624667,28.77633979,26.75214859,26.76777941
25-Oct-22,26.6036558,26.96316466,25.95497677,26.20506989
26-Oct-22,25.47823675,26.20506989,24.93115805,25.56420626
27-Oct-22,25.64236037,26.2128853,25.53294462,25.75959152
28-Oct-22,25.55639085,25.88463808,24.89989641,25.45479052
31-Oct-22,23.92297015,24.69669575,22.7897357,23.29773735
1-Nov-22,23.89170851,23.96986261,23.1023521,23.3368144
3-Nov-22,23.28992194,23.75103113,23.00856718,23.40715309
4-Nov-22,24.07146295,24.14961705,22.02382551,22.11761043
7-Nov-22,21.85188649,22.11761043,21.156315,21.21883828
8-Nov-22,21.14849959,21.51582386,20.90622188,21.37514648
9-Nov-22,21.21883828,21.84407108,20.82025237,21.02345303
10-Nov-22,20.3825894,21.01563762,20.01526513,20.41385104
11-Nov-22,20.16375792,21.38296189,20.08560382,21.09379172
14-Nov-22,21.30480779,22.02382551,21.17194582,21.64868583
16-Nov-22,21.73465534,21.96911764,21.04689926,21.21883828
17-Nov-22,21.10160713,21.33606943,20.74991368,21.22665369
18-Nov-22,21.41422353,21.57053173,20.49200514,20.86714483
21-Nov-22,21.19539205,21.5470855,20.35914317,20.92966811
22-Nov-22,20.55506224,20.93935254,19.92947339,20.8499827
23-Nov-22,20.55506224,21.13596618,20.37632257,20.94828952
24-Nov-22,21.01978539,22.01179057,20.77848683,21.67218519
25-Nov-22,21.68112217,21.74368106,21.09128126,21.32364283
28-Nov-22,21.13596618,21.9402947,21.03765936,21.77049201
29-Nov-22,21.98497962,23.12891351,21.87773581,22.68206434
30-Nov-22,22.87867797,23.82599823,22.78930814,23.82599823
1-Dec-22,23.75450237,23.94217902,22.84293004,22.86974099
2-Dec-22,22.95911083,23.63832158,22.61950545,23.15572447
5-Dec-22,23.23615732,23.75450237,22.83399306,22.89655194
6-Dec-22,23.07529161,23.58469968,22.71781227,22.91442591
7-Dec-22,22.6463164,23.2987162,22.58375752,22.65525338
8-Dec-22,22.83399306,23.04848066,22.02072755,22.14584532
9-Dec-22,22.33352198,22.38714388,21.8866728,22.08328644
12-Dec-22,21.96710565,22.03860152,20.67124303,21.36832775
13-Dec-22,21.53813044,21.62750027,20.83210873,20.84104572
14-Dec-22,20.10821306,20.1975829,18.5621149,19.18770375
15-Dec-22,18.76766553,19.99203228,18.6157368,19.69711182
16-Dec-22,19.62561595,19.7596707,19.22345169,19.7060488
19-Dec-22,19.75073372,20.11715005,19.33963248,20.00096926
20-Dec-22,20.00990624,20.76954985,19.84904054,20.61762113
21-Dec-22,21.00191142,21.19852506,20.42100749,21.06447031
22-Dec-22,21.35939077,21.94923168,21.18065109,21.43982362
23-Dec-22,21.56494139,22.5390726,21.56494139,22.44970276
26-Dec-22,22.44970276,22.61056847,22.18159325,22.28883706
27-Dec-22,22.56588355,22.61950545,21.9402947,22.44076578
28-Dec-22,22.4318288,22.62844243,22.11903437,22.16371929
29-Dec-22,22.33352198,22.38714388,21.8330509,21.89560978
2-Jan-23,21.03765936,21.27895791,20.37632257,20.48356637
3-Jan-23,20.50144034,20.64443208,19.77754467,19.96522133
4-Jan-23,19.62561595,21.09128126,19.50943516,20.59974716
5-Jan-23,20.85891968,21.48450854,20.689117,21.3415168
6-Jan-23,21.3951387,21.73474408,21.04659634,21.21639903
9-Jan-23,21.00191142,21.4487606,20.77848683,21.33257981
10-Jan-23,21.40407568,21.54706742,20.88573064,21.52919345
11-Jan-23,21.58281535,22.00285358,21.49344552,21.69899614
12-Jan-23,21.70793312,22.02966453,21.54706742,22.01179057
13-Jan-23,21.84198788,22.03860152,21.67218519,21.95816867
16-Jan-23,21.81517693,21.89560978,21.29683188,21.48450854
17-Jan-23,21.54706742,22.89655194,21.54706742,22.80718211
18-Jan-23,23.09316558,23.26296827,22.34245896,22.40501784
19-Jan-23,22.34245896,23.1914724,22.1547823,23.0842286
20-Jan-23,23.1378505,23.77237633,22.71781227,23.56682571
23-Jan-23,23.47745587,24.66607469,23.3523381,23.94217902
24-Jan-23,24.5498939,24.60351581,23.56682571,23.77237633
25-Jan-23,23.72769141,24.20135154,23.2450943,24.07623377
26-Jan-23,24.21028853,24.30859535,23.05741765,23.41489699
27-Jan-23,23.39702302,23.44170794,22.73568624,22.89655194
30-Jan-23,23.10210256,23.2987162,22.79824512,23.01273273
31-Jan-23,22.90548893,23.42383397,22.80718211,23.2987162
1-Feb-23,23.2987162,23.66513253,22.74462322,22.97698479
2-Feb-23,22.79824512,23.06635463,21.82411391,21.91348375
3-Feb-23,21.93135771,22.68206434,21.82411391,22.1547823
6-Feb-23,22.22627817,23.11997653,22.11903437,23.03954368
7-Feb-23,23.15572447,23.36127509,22.7535602,22.89655194
8-Feb-23,23.05741765,23.37021207,22.84293004,23.28084224
9-Feb-23,23.28084224,23.52214079,23.04848066,23.17359843
10-Feb-23,23.21828335,23.94217902,23.17359843,23.87962014
13-Feb-23,23.85280919,24.03154886,23.56682571,23.951116
14-Feb-23,23.99580092,24.18347758,23.77237633,23.86174617
15-Feb-23,23.75450237,23.951116,23.50426683,23.8974941
16-Feb-23,23.77237633,24.08517076,23.67406951,23.99580092
17-Feb-23,23.83493522,23.83493522,23.56682571,23.6293846
22-Feb-23,23.23615732,23.33446414,22.95911083,23.02166971
23-Feb-23,23.0306067,23.94217902,23.0306067,23.72769141
24-Feb-23,23.83493522,23.86174617,23.11997653,23.20934637
27-Feb-23,23.09316558,23.8974941,23.06635463,23.37021207
28-Feb-23,23.42383397,24.05835981,22.55694657,22.55694657
1-Mar-23,22.61950545,22.72674925,21.61856329,22.61056847
2-Mar-23,22.71781227,22.94123686,21.77942899,22.02072755
3-Mar-23,22.19053024,23.00379574,21.85092486,22.96804781
6-Mar-23,22.96804781,23.34340112,22.67312735,23.20040938
7-Mar-23,22.98592178,23.03954368,22.27990007,22.4318288
8-Mar-23,22.47651371,23.16466145,22.45863975,22.71781227
9-Mar-23,22.65525338,23.44170794,22.5926945,22.61950545
10-Mar-23,22.4854507,22.86080401,22.28883706,22.32458499
13-Mar-23,21.9402947,22.21734119,21.53813044,21.61856329
14-Mar-23,21.69899614,22.1011604,21.09128126,21.23427299
15-Mar-23,20.8499827,20.98403745,20.37632257,20.85891968
16-Mar-23,20.91254159,21.01978539,20.52825129,20.78742382
17-Mar-23,20.64443208,21.01084841,20.42994447,21.01084841
20-Mar-23,21.01084841,21.13596618,20.45675542,20.49250336
21-Mar-23,20.73380191,21.09128126,20.62655811,20.91254159
22-Mar-23,20.9036046,21.10915522,20.59081018,20.8499827
23-Mar-23,20.88573064,21.15384014,20.18864592,20.37632257
24-Mar-23,20.29588972,20.67124303,20.0903391,20.36738559
27-Mar-23,20.65336906,20.87679365,20.40313352,20.71592795
28-Mar-23,20.75167588,21.12702919,20.689117,21.08234427
29-Mar-23,21.18958808,21.48450854,20.97510047,21.35939077
30-Mar-23,21.67218519,21.69899614,21.16277713,21.42194965
31-Mar-23,21.4487606,21.64537424,20.7427389,20.9572265
3-Apr-23,21.52919345,21.89560978,21.27002093,21.8866728
4-Apr-23,22.01179057,22.12797135,21.53813044,21.69005916
5-Apr-23,21.61856329,21.92242073,20.7963608,21.76155503
6-Apr-23,21.75261804,21.82411391,21.40407568,21.4487606
10-Apr-23,21.47557155,22.03860152,21.47557155,21.90454676
11-Apr-23,22.07434945,22.96804781,22.01179057,22.93229988
12-Apr-23,23.21828335,23.37021207,22.50332466,23.10210256
13-Apr-23,23.10210256,23.31659017,23.05741765,23.26296827
14-Apr-23,23.05741765,23.59363666,22.98592178,23.50426683
17-Apr-23,23.45064492,23.951116,23.42383397,23.87068315
18-Apr-23,23.87068315,24.68394866,23.70088046,24.47839804
19-Apr-23,24.27284741,24.40690217,23.63832158,23.69194348
20-Apr-23,23.70088046,24.11198171,23.49532984,23.85280919
24-Apr-23,23.77237633,24.36221725,23.6830065,24.30859535
25-Apr-23,24.27284741,24.57670486,23.87962014,24.21028853
26-Apr-23,24.23709948,24.32646931,23.90643109,23.90643109
27-Apr-23,23.99580092,24.29072138,23.15572447,23.32552715
28-Apr-23,23.6,24.05,23.15,23.7
2-May-23,23.7,23.74,22.64,22.74
3-May-23,22.6,22.99,22.42,22.66
4-May-23,22.89,23.38,22.61,23.02
5-May-23,23.3,24.17,23.18,24
8-May-23,24.45,24.63,24.21,24.51
9-May-23,24.41,24.8,24.24,24.59
10-May-23,24.59,24.82,24.33,24.53
11-May-23,24.13,25.48,23.93,25.43
12-May-23,25.58,26.74,25.48,26.25
15-May-23,26.06,26.15,25.4,25.66
16-May-23,26.11,27.03,26.08,26.3
17-May-23,26.6,26.76,25.51,25.66
18-May-23,25.59,25.85,25.35,25.81
19-May-23,26.08,26.18,25.64,25.92
