ref_date,option_price,sigma_impl,asset_price,option_ticker,ticker,K,expiry,r,t,call_option,D_call_option,D_sigma_impl,sqrt_t,D_S,delta_bs,vega_bs,y_serie,a,b,c,delta_mv,portfolio_bs,cashflow_delta_bs,dt,cash_account_bs,pl_cumulative_bs,portfolio_mv,cashflow_delta_mv,cash_account_mv,pl_cumulative_mv
2023-05-01,11.62,23.619,304.8936,MSFT US 08/18/23 C320 Equity,MSFT US Equity,320,2023-08-18,0.02,0.302777778,10.39720225577075,,,0.5502524675092334,,0.39723435928741174,64.69687865256999,,-4.390410669239354,13.107970532559364,-9.570301942897242,0.12975174292814917,-110.71701159106165,,,110.71701159106165,0.0,-29.163273751867187,,29.163273751867187,0.0
2023-05-02,11.87,24.451,304.7439,MSFT US 08/18/23 C320 Equity,MSFT US Equity,320,2023-08-18,0.02,0.3,10.797241823710792,0.40003956794004125,0.8320000000000007,0.5477225575051661,-0.14969999999999573,0.40013759329266085,64.49222019767433,-7.95184410842477,-4.390410669239354,13.107970532559364,-9.570301942897242,0.13828160404363787,-111.14224889290851,0.8847428533722346,0.0027777780000000085,111.60790556087713,0.4656566679686165,-31.343233490803186,2.5994231427923773,31.764317121670178,0.42108363086699185
2023-05-03,11.37,24.593,303.7361,MSFT US 08/18/23 C320 Equity,MSFT US Equity,320,2023-08-18,0.02,0.297222222,10.410575551933036,-0.3866662717777558,0.14199999999999946,0.5451809075893982,-1.0077999999999747,0.3906325338180763,63.56306483129661,-0.01812899926456632,-4.390410669239354,13.107970532559364,-9.570301942897242,0.11027236051597417,-108.23862680308757,-2.8870296950783687,0.0027777780000000085,108.72707647773026,0.48844967464269473,-23.08312116898295,-8.507418393042817,23.258663462073002,0.17554229309005365
2023-05-04,12.74,25.51,304.7439,MSFT US 08/18/23 C320 Equity,MSFT US Equity,320,2023-08-18,0.02,0.294444444,11.315560574786701,0.9049850228536656,0.9170000000000016,0.5426273527937935,1.0077999999999747,0.4047230268243243,64.07961698868104,1.2728895171750525,-4.390410669239354,13.107970532559364,-9.570301942897242,0.15170378769786091,-112.0213130394625,4.293991791646752,0.002777777999999953,113.02710883078974,1.0057957913272446,-34.915243333031455,12.625974701974178,35.88593034801434,0.9706870149828859
2023-05-05,14.1,24.573,309.9725,MSFT US 08/18/23 C320 Equity,MSFT US Equity,320,2023-08-18,0.02,0.291666667,12.849303385824442,1.5337428110377402,-0.9370000000000012,0.5400617251759284,5.228600000000029,0.44844426452723485,66.226193180414,-0.3920743142334391,-4.390410669239354,13.107970532559364,-9.570301942897242,0.2756332158501351,-126.15608640034387,13.552381353865435,0.002777777000000037,126.5857696411486,0.4296832408047351,-72.58941361428157,38.41471466793082,74.30263873356456,1.7132251192829955
2023-05-08,12.3,24.128,307.9768,MSFT US 08/18/23 C320 Equity,MSFT US Equity,320,2023-08-18,0.02,0.283333333,11.436700429042403,-1.4126029567820382,-0.4450000000000003,0.532290647109265,-1.9956999999999994,0.4247134601126159,64.23182863609097,0.7225560021391759,-4.390410669239354,13.107970532559364,-9.570301942897242,0.2093767097959181,-119.3651919333687,-7.308537205040216,0.00833333399999997,119.29833182430338,-0.06686010906533113,-53.046468648433105,-20.405466713758383,53.909556825957736,0.8630881775246309
2023-05-09,11.7,24.188,306.3304,MSFT US 08/18/23 C320 Equity,MSFT US Equity,320,2023-08-18,0.02,0.280555556,10.707243855571136,-0.7294565734712677,0.05999999999999872,0.5296749531552346,-1.6464000000000283,0.4079197905726096,62.99862621665065,0.09050909845338724,-4.390410669239354,13.107970532559364,-9.570301942897242,0.16102233804977353,-114.25098875845258,-5.144411507657955,0.002777777000000037,114.16054818399671,-0.09044057445586873,-38.61879336815121,-14.812414038745164,39.10013784494846,0.4813444767972541
2023-05-10,13.9,24.202,311.6289,MSFT US 08/18/23 C320 Equity,MSFT US Equity,320,2023-08-18,0.02,0.277777778,12.931146184423795,2.2239023288526596,0.014000000000002899,0.5270462769055484,5.29849999999999,0.4599805431696568,65.19346350569087,-0.10142141429467354,-4.390410669239354,13.107970532559364,-9.570301942897242,0.30680244036817556,-130.41208450493886,16.22363506498997,0.0027777780000000085,130.39052567834793,-0.021558826590933222,-82.67736082482634,45.42929292737107,84.53160306271444,1.8542422378881014
2023-05-11,12.6,24.007,309.4337,MSFT US 08/18/23 C320 Equity,MSFT US Equity,320,2023-08-18,0.02,0.275,11.73598497928107,-1.1951612051427247,-0.19500000000000028,0.5244044240850758,-2.1952,0.4364107557167717,63.91161593582892,0.27428839414077966,-4.390410669239354,13.107970532559364,-9.570301942897242,0.2423711152890377,-123.30420988195574,-7.29328653975982,0.002777777999999953,123.10448325848459,-0.19972662347115033,-63.26180599773244,-19.937223315140415,64.59907607857232,1.337270080839886
2023-05-12,11.76,23.677,308.2961,MSFT US 08/18/23 C320 Equity,MSFT US Equity,320,2023-08-18,0.02,0.272222222,10.95458819906817,-0.7813967802129014,-0.33000000000000185,0.5217491945369921,-1.1375999999999635,0.4223915699661966,62.953047103996965,0.675807116471437,-4.390410669239354,13.107970532559364,-9.570301942897242,0.20275644440977916,-119.26708549438739,-4.3220602920778735,0.0027777780000000085,118.78926229489227,-0.47782319949511987,-51.554432862333556,-12.21304853485898,52.38961648125216,0.8351836189186059
2023-05-15,11.5,23.583,308.7851,MSFT US 08/18/23 C320 Equity,MSFT US Equity,320,2023-08-18,0.02,0.263888889,10.853136651524721,-0.10145154754344787,-0.0940000000000012,0.513701167022229,0.4889999999999759,0.4245197370150575,62.14547568654443,-1.6131159862252167,-4.390410669239354,13.107970532559364,-9.570301942897242,0.20882521731174294,-120.23223279464352,0.657146274999227,0.008333332999999998,119.46620842942444,-0.7660243652190815,-53.628978958603554,1.8739466474101765,54.27229545873388,0.6433165001303252
2023-05-16,12.92,23.786,311.0601,MSFT US 08/18/23 C320 Equity,MSFT US Equity,320,2023-08-18,0.02,0.261111111,11.8879391868725,1.0348025353477794,0.20300000000000296,0.5109903237831417,2.2749999999999773,0.44852601881889603,62.882794187822384,0.016005985336315035,-4.390410669239354,13.107970532559364,-9.570301942897242,0.2758566573192033,-127.63060907953516,7.467396418530188,0.0027777780000000085,126.94024204442988,-0.6903670351052824,-73.9200602245046,20.850806431864612,75.1261171021203,1.2060568776157083
2023-05-17,14.0,23.118,314.0,MSFT US 08/18/23 C320 Equity,MSFT US Equity,320,2023-08-18,0.02,0.258333333,12.73840705179461,0.8504678649221091,-0.6680000000000028,0.5082650224046507,2.939900000000023,0.47672824756956983,63.56092176567409,-0.47065248612225424,-4.390410669239354,13.107970532559364,-9.570301942897242,0.35067325855811216,-136.9542626850503,8.855499827711572,0.0027777780000000085,135.80279430427387,-1.1514683807764357,-97.37299613545261,23.492412789017386,98.62270368058145,1.2497075451288424
2023-05-18,16.15,23.255,318.52,MSFT US 08/18/23 C320 Equity,MSFT US Equity,320,2023-08-18,0.02,0.255555556,15.002126039877567,2.2637189880829567,0.13700000000000045,0.5055250300430237,4.519999999999982,0.5250465428633528,64.11097722786768,-0.06083989993885443,-4.390410669239354,13.107970532559364,-9.570301942897242,0.46675723261884877,-152.23569879295758,15.390343416975764,0.0027777769999999813,151.2006825283967,-1.0350162645608805,-133.66938769387812,36.97506741782583,135.6032502881648,1.9338625942866656
2023-05-19,16.05,23.127,318.34,MSFT US 08/18/23 C320 Equity,MSFT US Equity,320,2023-08-18,0.02,0.252777778,14.736541513398208,-0.2655845264793584,-0.1280000000000001,0.5027701045209431,-0.18000000000000682,0.5226823736976576,63.74821198971724,2.3921508994865763,-4.390410669239354,13.107970532559364,-9.570301942897242,0.46147125249879817,-151.6541653295141,-0.7526096122074297,0.0027777780000000085,150.45647318811828,-1.1976921413958053,-132.1682170070692,-1.6827389114169091,133.92804510052363,1.7598280934544448
2023-05-22,17.65,23.811,321.18,MSFT US 08/18/23 C320 Equity,MSFT US Equity,320,2023-08-18,0.02,0.244444444,16.421333869484613,1.6847923560864047,0.684000000000001,0.4944132320235776,2.840000000000032,0.5523717906165494,62.80363316550391,0.10332486115678075,-4.390410669239354,13.107970532559364,-9.570301942897242,0.5246961763489639,-160.98943784073873,9.535646926009674,0.008333333999999998,160.01719828478838,-0.9722395559503525,-152.10058405027561,20.30658104219624,154.25694934557103,2.1563652952954158
2023-05-23,14.7,24.191,315.26,MSFT US 08/18/23 C320 Equity,MSFT US Equity,320,2023-08-18,0.02,0.241666667,13.479317004554218,-2.9420168649303946,0.379999999999999,0.49159604046411925,-5.920000000000016,0.48987423451577916,61.808384455471895,0.01777289122489752,-4.390410669239354,13.107970532559364,-9.570301942897242,0.38386804093804155,-140.9584341688903,-19.702979536328822,0.002777777000000009,140.32310883726413,-0.6353253316261771,-107.53892158157277,-44.39747796964738,109.86804144209842,2.329119860525651
2023-05-24,14.05,24.842,313.85,MSFT US 08/18/23 C320 Equity,MSFT US Equity,320,2023-08-18,0.02,0.238888889,13.10358955550106,-0.3757274490531586,0.6509999999999998,0.48876261006750504,-1.4099999999999682,0.4761705242451694,61.087801921175796,-0.5265724708516147,-4.390410669239354,13.107970532559364,-9.570301942897242,0.3492401197518922,-136.34252947884536,-4.300909468430866,0.0027777780000000085,136.02999531427773,-0.31253416456763716,-96.5054220286303,-10.867973064272984,99.00617232794647,2.5007502993161665
2023-05-25,21.75,26.415,325.92,MSFT US 08/18/23 C320 Equity,MSFT US Equity,320,2023-08-18,0.02,0.236111111,20.46611316368572,7.3625236081846595,1.5730000000000004,0.48591265778944265,12.069999999999993,0.5963007077647018,61.33016811110678,0.035336998421654865,-4.390410669239354,13.107970532559364,-9.570301942897242,0.6051789930427566,-173.8802135109859,39.15282941268599,0.0027777779999999808,175.190382159457,1.310168648471091,-176.77382424880952,83.41559758295853,182.4272704070423,5.653446158232782
2023-05-26,26.71,27.035,332.89,MSFT US 08/18/23 C320 Equity,MSFT US Equity,320,2023-08-18,0.02,0.233333333,25.105026094592205,4.638912930906486,0.620000000000001,0.48304589119461516,6.96999999999997,0.6566849656791575,59.136661171942755,0.024116793896721996,-4.390410669239354,13.107970532559364,-9.570301942897242,0.6899108428138919,-193.49883213034252,20.10131561714315,0.0027777780000000085,195.30143084674822,1.8025987164056971,-204.55939436972426,28.206385470313244,210.64379100805112,6.084396638326865
2023-05-30,24.3,26.889,331.21,MSFT US 08/18/23 C320 Equity,MSFT US Equity,320,2023-08-18,0.02,0.222222222,23.49801314051055,-1.6070129540816538,-0.1460000000000008,0.47140452055532944,-1.6800000000000068,0.644337836951196,58.165738539916624,0.8380832651848287,-4.390410669239354,13.107970532559364,-9.570301942897242,0.6749740247846456,-189.91312183609506,-4.089492505988131,0.011111111000000007,191.25534348090673,1.3422216448116728,-200.06013360841192,-4.947223499466664,205.74338244091794,5.683248832506024
2023-05-31,23.86,26.123,328.39,MSFT US 08/18/23 C320 Equity,MSFT US Equity,320,2023-08-18,0.02,0.219444444,21.158497105498782,-2.339516035011769,-0.7659999999999982,0.4684489769441278,-2.819999999999993,0.6211656442292381,58.51807722907176,0.5479791190453912,-4.390410669239354,13.107970532559364,-9.570301942897242,0.6436624822364905,-182.82608880294072,-7.609516367963724,0.0027777780000000085,183.65645270580575,0.8303639028650309,-190.21382543614232,-10.282397457388672,195.47241548986824,5.258590053725925
2023-06-01,24.8,26.031,332.58,MSFT US 08/18/23 C320 Equity,MSFT US Equity,320,2023-08-18,0.02,0.216666667,23.685279515925032,2.52678241042625,-0.0920000000000023,0.4654746684836888,4.189999999999998,0.6607749043823379,56.67348486858207,-0.15767769338424076,-4.390410669239354,13.107970532559364,-9.570301942897242,0.6945975182739932,-196.0752381835529,13.173247741717908,0.0027777769999999813,196.83990386435377,0.7646656808008743,-207.3239631116396,16.93997428535265,212.42324965247894,5.09928654083933
2023-06-02,26.8,25.06,335.4,MSFT US 08/18/23 C320 Equity,MSFT US Equity,320,2023-08-18,0.02,0.213888889,24.948203242078137,1.2629237261531046,-0.9710000000000001,0.4624812309705119,2.819999999999993,0.6916079007452669,54.59975268357443,-0.6925220124542429,-4.390410669239354,13.107970532559364,-9.570301942897242,0.7259216311142589,-207.01708666788437,10.341386980126392,0.0027777780000000085,207.19222669934067,0.1751400314562943,-218.52591183364427,10.506107446625117,222.94115871951533,4.415246885871056
2023-06-05,27.6,24.934,335.94,MSFT US 08/18/23 C320 Equity,MSFT US Equity,320,2023-08-18,0.02,0.205555556,24.954023680208167,0.00582043813002997,-0.12599999999999767,0.45338235078132455,0.5400000000000205,0.6994795795934629,52.998314405487164,-1.9792241349995394,-4.390410669239354,13.107970532559364,-9.570301942897242,0.7328387592111419,-210.02914628841975,2.6444117922629475,0.008333332999999998,209.87117340583504,-0.15797288258471553,-221.23582908918286,2.3237400128668924,225.3020586872593,4.066229598076433
2023-06-06,24.65,24.302,333.68,MSFT US 08/18/23 C320 Equity,MSFT US Equity,320,2023-08-18,0.02,0.202777778,22.95470928120139,-1.9993143990067779,-0.6320000000000014,0.4503085364502876,-2.259999999999991,0.6823582119799557,53.5673515840357,0.567444725501389,-4.390410669239354,13.107970532559364,-9.570301942897242,0.7172475553104799,-204.73457889227024,-5.71305794527506,0.0027777780000000085,204.16977529500772,-0.564803597262511,-216.37645497479954,-5.20247291757291,220.11210289942076,3.735647924621219
2023-06-07,17.42,24.119,323.38,MSFT US 08/18/23 C320 Equity,MSFT US Equity,320,2023-08-18,0.02,0.2,16.261857431011066,-6.692851850190323,-0.18299999999999983,0.4472135954999579,-10.300000000000011,0.5747289680716056,56.67982212035072,0.19152371115213798,-4.390410669239354,13.107970532559364,-9.570301942897242,0.5676433448596185,-169.59399626398474,-34.80514489508227,0.0027777779999999808,169.37597348120977,-0.21802278277496612,-167.30264742969237,-48.37900957559955,171.7453221146461,4.442674684953715
2023-06-08,18.25,23.681,325.26,MSFT US 08/18/23 C320 Equity,MSFT US Equity,320,2023-08-18,0.02,0.197222222,17.012568927898684,0.7507114968876181,-0.43799999999999883,0.4440970862322787,1.8799999999999955,0.5968177873616002,55.9205890530835,-0.5101652761472595,-4.390410669239354,13.107970532559364,-9.570301942897242,0.6060313720665487,-177.10838458933537,7.18460936226365,0.0027777780000000085,176.56999288191827,-0.5383917074171052,-180.10519515046693,12.486089729326094,184.24095351656368,4.135758366096752
2023-06-09,19.1,24.502,326.79,MSFT US 08/18/23 C320 Equity,MSFT US Equity,320,2023-08-18,0.02,0.194444444,18.288698092240566,1.2761291643418815,0.820999999999998,0.4409585513401458,1.5300000000000296,0.6119294692140141,55.21015812145282,0.5797996910274277,-4.390410669239354,13.107970532559364,-9.570301942897242,0.629963569599407,-181.68373315220714,4.938346512550359,0.0027777780000000085,181.51814911179204,-0.1655840404150979,-187.57709681714968,7.820802831762783,192.0719922420018,4.494895424852132
2023-06-12,23.05,24.767,331.85,MSFT US 08/18/23 C320 Equity,MSFT US Equity,320,2023-08-18,0.02,0.186111111,21.343287513845098,3.0545894216045326,0.26500000000000057,0.43140597005604825,5.060000000000002,0.6658860912708264,52.10171015747923,-0.17094334570131886,-4.390410669239354,13.107970532559364,-9.570301942897242,0.7002749381757295,-199.63101187437866,17.905505029553158,0.008333332999999998,199.4539096862123,-0.17710218816634438,-211.04295071977074,23.332827662052615,215.43683456929548,4.393883849524741
2023-06-13,23.6,24.773,334.29,MSFT US 08/18/23 C320 Equity,MSFT US Equity,320,2023-08-18,0.02,0.183333333,22.89541605650527,1.5521285426601708,0.006000000000000227,0.4281744188995881,2.4399999999999977,0.6912776397451594,50.405888853405926,-0.15663262872368192,-4.390410669239354,13.107970532559364,-9.570301942897242,0.7256221971854924,-208.1917861339041,8.48814073948478,0.0027777780000000085,207.9531315071489,-0.2386546267551921,-219.67282824063298,8.47333521437363,223.92213883012872,4.249310589495735
2023-06-14,26.76,25.895,337.34,MSFT US 08/18/23 C320 Equity,MSFT US Equity,320,2023-08-18,0.02,0.180555556,25.488678649540105,2.5932625930348365,1.1219999999999999,0.42491829332237513,3.0499999999999545,0.7147865905128877,48.6820302723921,0.3988656960617558,-4.390410669239354,13.107970532559364,-9.570301942897242,0.7451261748348628,-215.63742979407743,7.930509451985464,0.0027777769999999813,215.89519422857106,0.2577644344936232,-225.87218516925248,6.579471820238609,230.51405111127306,4.641865942020587
2023-06-15,35.12,27.263,348.1,MSFT US 08/18/23 C320 Equity,MSFT US Equity,320,2023-08-18,0.02,0.177777778,34.141270713950775,8.652592064410669,1.368000000000002,0.42163702161930705,10.760000000000048,0.7940691218888121,41.81398119373412,0.03536482839055332,-4.390410669239354,13.107970532559364,-9.570301942897242,0.7894284096683607,-242.2741906155447,27.598249171959264,0.0027777780000000085,243.50543791212482,1.2312472965801078,-240.65875869160558,15.421607945540632,245.9484657497493,5.289707058143705
2023-06-16,30.75,26.581,342.33,MSFT US 08/18/23 C320 Equity,MSFT US Equity,320,2023-08-18,0.02,0.175,29.26492418801638,-4.8763465259343945,-0.6820000000000022,0.4183300132670378,-5.770000000000039,0.756063753940447,44.91377338871659,0.2839568257380102,-4.390410669239354,13.107970532559364,-9.570301942897242,0.7715432253684216,-229.55838069841684,-13.010377609763813,0.0027777780000000085,230.50858875911428,0.9502080606974346,-234.85746815235535,-6.1226351413981615,239.83949479265422,4.982026640298869
2023-06-20,27.03,26.84,338.05,MSFT US 08/18/23 C320 Equity,MSFT US Equity,320,2023-08-18,0.02,0.163888889,25.769697774784504,-3.495226413231876,0.25900000000000034,0.4048319268536018,-4.279999999999973,0.722238645979732,45.88847725601289,0.2815386515717618,-4.390410669239354,13.107970532559364,-9.570301942897242,0.7505819663873827,-218.3830764986639,-11.434577746119716,0.011111110999999979,219.1252408353093,0.742164336645402,-227.96453596247022,-7.085953598540182,232.80684478149198,4.842308819021753
2023-06-21,23.26,26.066,333.56,MSFT US 08/18/23 C320 Equity,MSFT US Equity,320,2023-08-18,0.02,0.161111111,22.1303425645348,-3.639355210249704,-0.7740000000000009,0.40138648582133407,-4.490000000000009,0.6843082448932822,47.60601274767919,0.3550315740166394,-4.390410669239354,13.107970532559364,-9.570301942897242,0.7191263512739551,-206.12751560206843,-12.652064586396175,0.0027777780000000085,206.48535021254045,0.35783461047202536,-217.74144316640565,-10.492334977234927,222.3274438781673,4.586000711761642
2023-06-22,27.85,26.471,339.71,MSFT US 08/18/23 C320 Equity,MSFT US Equity,320,2023-08-18,0.02,0.158333333,26.589399687840967,4.459057123306167,0.40500000000000114,0.39791121245825684,6.149999999999977,0.7422155207103388,43.65218479535734,-0.053155358932559404,-4.390410669239354,13.107970532559364,-9.570301942897242,0.7636593377395577,-225.54863485266821,19.671680667812286,0.0027777780000000085,226.1685026082718,0.6198677556035932,-232.8333139356642,15.12830083222988,237.46809657914952,4.634782643485323
2023-06-23,23.89,26.251,335.02,MSFT US 08/18/23 C320 Equity,MSFT US Equity,320,2023-08-18,0.02,0.155555556,22.989667766921343,-3.5997319209196235,-0.21999999999999886,0.3944053194367439,-4.689999999999998,0.7001549448754412,45.93116034501035,0.1938329064852627,-4.390410669239354,13.107970532559364,-9.570301942897242,0.7334128384938352,-211.57624186524893,-14.091134116207407,0.0027777769999999813,212.08993375438956,0.513691889140631,-222.71830138528333,-10.133182177301963,227.3481074366555,4.629806051372185
2023-06-26,19.65,26.53,328.6,MSFT US 08/18/23 C320 Equity,MSFT US Equity,320,2023-08-18,0.02,0.147222222,18.461823814347923,-4.52784395257342,0.2789999999999999,0.3836954808177965,-6.419999999999959,0.6332034330051393,47.46903608818554,0.19142011367042852,-4.390410669239354,13.107970532559364,-9.570301942897242,0.6604695240220155,-189.60882427114086,-22.00026680058121,0.008333333999999998,190.12501822478626,0.5161939536453986,-198.5684617792864,-23.96917313543995,203.41682881327486,4.848367033988467
2023-06-27,23.8,26.766,334.57,MSFT US 08/18/23 C320 Equity,MSFT US Equity,320,2023-08-18,0.02,0.144444444,22.417320914169125,3.9554970998212013,0.2359999999999971,0.3800584744483407,5.96999999999997,0.6974067496172526,44.38295079147447,-0.09982848972752412,-4.390410669239354,13.107970532559364,-9.570301942897242,0.7310578343588576,-210.91405530527507,21.48050363891475,0.0027777780000000085,211.6160846589668,0.7020293536917279,-222.17269872727385,23.61673098939726,227.044861052431,4.872162325157149
2023-06-28,23.2,27.275,335.85,MSFT US 08/18/23 C320 Equity,MSFT US Equity,320,2023-08-18,0.02,0.141666667,23.41371931370901,0.9963983995398848,0.5090000000000003,0.37638632679734796,1.2800000000000296,0.7087861550629114,43.355073876230314,0.20307710831542525,-4.390410669239354,13.107970532559364,-9.570301942897242,0.7404872082475882,-214.63211086416982,3.8217733189245258,0.002777777000000009,215.44961475032116,0.8175038861513428,-225.2789095762435,3.1668552205301563,230.22433022320533,4.945420646961821
2023-06-29,22.75,26.924,335.05,MSFT US 08/18/23 C320 Equity,MSFT US Equity,320,2023-08-18,0.02,0.138888889,22.568833176303826,-0.844886137405183,-0.3509999999999991,0.37267799639903615,-0.8000000000000114,0.7039809498533572,43.15138071398178,1.0189377713456518,-4.390410669239354,13.107970532559364,-9.570301942897242,0.7366083318916256,-213.29998407206352,-1.6099840054611303,0.0027777780000000085,213.85160050134945,0.5516164292859287,-224.23178842398534,-1.2996175230652771,228.93750329702235,4.70571487303701
2023-06-30,27.85,26.86,340.54,MSFT US 08/18/23 C320 Equity,MSFT US Equity,320,2023-08-18,0.02,0.136111111,26.437976203120257,3.869143026816431,-0.06400000000000006,0.36893239353572627,5.490000000000009,0.759537127153457,39.097969049681275,-0.17601295214600657,-4.390410669239354,13.107970532559364,-9.570301942897242,0.7733869192600654,-232.21479707771803,18.919100617775975,0.0027777779999999808,232.78258209457226,0.5677850168542307,-236.93120528170246,12.524580142448512,241.47480254397675,4.5435972622742895
2023-07-03,25.3,26.502,337.99,MSFT US 08/18/23 C320 Equity,MSFT US Equity,320,2023-08-18,0.02,0.127777778,24.01506201297866,-2.422914190141597,-0.35800000000000054,0.3574601768029552,-2.5500000000000114,0.7427024108426841,38.977730675314575,0.6430568591507327,-4.390410669239354,13.107970532559364,-9.570301942897242,0.7639519023883925,-227.01092582774012,-5.689965765878144,0.008333332999999998,227.13141665742876,0.12049082968863445,-234.19304147527413,-3.18894135245673,238.32611034433694,4.133068869062811
2023-07-05,25.3,26.844,338.15,MSFT US 08/18/23 C320 Equity,MSFT US Equity,320,2023-08-18,0.02,0.122222222,24.012423711300528,-0.002638301678132393,0.3420000000000023,0.34960294907222966,0.15999999999996817,0.7456376675614615,37.91129660019619,-2.3765295528151595,-4.390410669239354,13.107970532559364,-9.570301942897242,0.7656910599588928,-228.12495357460767,0.9925570594546045,0.005555556000000003,228.14921194507332,0.024258370465645385,-234.90600821379905,0.5880961324646593,238.94068862905078,4.034680415251728
2023-07-06,27.48,28.809,341.27,MSFT US 08/18/23 C320 Equity,MSFT US Equity,320,2023-08-18,0.02,0.119444444,26.96616775716376,2.953744045863232,1.9649999999999999,0.34560735524580494,3.1200000000000045,0.7642715301987248,36.30675696608922,0.5926752629804993,-4.390410669239354,13.107970532559364,-9.570301942897242,0.7758210850535179,-233.85677735375504,6.3591783022188455,0.0027777780000000085,234.52106555661405,0.6642882028590122,-237.79829393905027,3.457073664042717,242.4110371455996,4.6127432065493394
2023-07-07,25.0,28.137,337.22,MSFT US 08/18/23 C320 Equity,MSFT US Equity,320,2023-08-18,0.02,0.116666667,23.548518173502828,-3.417649583660932,-0.6720000000000006,0.34156502601993666,-4.0499999999999545,0.7316179043375868,37.969940041406694,0.34050102079532485,-4.390410669239354,13.107970532559364,-9.570301942897242,0.7569910413573823,-223.1676715272182,-11.01145571289298,0.002777776999999995,223.5226391500812,0.35496762286300054,-231.72400079303364,-6.349867335210852,236.07463746055717,4.350636667523531
2023-07-10,20.47,28.629,331.83,MSFT US 08/18/23 C320 Equity,MSFT US Equity,320,2023-08-18,0.02,0.108333333,19.500264736417677,-4.048253437085151,0.4920000000000009,0.329140293795822,-5.390000000000043,0.675573674319184,39.28089257519959,0.20990673421668618,-4.390410669239354,13.107970532559364,-9.570301942897242,0.7104979837447264,-204.67534761291714,-18.597156847006584,0.008333333999999998,204.96273918390068,0.2873915709835444,-216.26428120959488,-15.427791307607599,220.68619520800442,4.421913998409536
2023-07-11,20.8,28.47,332.47,MSFT US 08/18/23 C320 Equity,MSFT US Equity,320,2023-08-18,0.02,0.105555556,19.718565787804437,0.21830105138676004,-0.15900000000000247,0.324893145510951,0.6400000000000432,0.6852276094152988,38.359908985818876,-0.9690379289657,-4.390410669239354,13.107970532559364,-9.570301942897242,0.7200027654395937,-208.09905751449998,3.209643801405283,0.002777777000000009,208.18377011726744,0.08471260276746762,-219.6607536378973,3.1600547700925476,223.85851065941355,4.197757021516253
2023-07-12,23.8,28.861,337.2,MSFT US 08/18/23 C320 Equity,MSFT US Equity,320,2023-08-18,0.02,0.102777778,23.075509196201637,3.3569434083972,0.3910000000000018,0.3205897347077726,4.729999999999961,0.7370659259380349,35.267432714551674,-0.08384246501989413,-4.390410669239354,13.107970532559364,-9.570301942897242,0.7604920162218979,-225.4631210301037,17.479880331466603,0.0027777779999999946,225.6752165359431,0.21209550583938608,-233.3623986738223,13.652975363792956,237.5239229535941,4.161524279771811
2023-07-13,29.0,29.699,342.66,MSFT US 08/18/23 C320 Equity,MSFT US Equity,320,2023-08-18,0.02,0.1,27.373341181068895,4.297831984867258,0.838000000000001,0.31622776601683794,5.460000000000036,0.7872015722117929,31.47215500209749,-0.00018198673103333657,-4.390410669239354,13.107970532559364,-9.570301942897242,0.7865100807075935,-242.36914955302404,17.179480552165916,0.0027777779999999946,242.86723494941253,0.4980853963884897,-242.1322030741951,8.915349976668475,246.45246907137178,4.320265997176676
2023-07-14,29.9,28.038,345.24,MSFT US 08/18/23 C320 Equity,MSFT US Equity,320,2023-08-18,0.02,0.097222222,28.82572082867,1.4523796476011057,-1.6610000000000014,0.3118047818748135,2.579999999999984,0.8249391589103092,27.75497961383867,-1.016170144489983,-4.390410669239354,13.107970532559364,-9.570301942897242,0.8017449578985666,-255.97627439352516,13.028524431795784,0.0027777780000000085,255.9092523812537,-0.0670220122714511,-247.9687084362311,5.2596890014115365,251.72585025805097,3.7571418218198573
2023-07-17,30.3,30.482,345.73,MSFT US 08/18/23 C320 Equity,MSFT US Equity,320,2023-08-18,0.02,0.088888889,29.496778367382348,0.671057538712347,2.443999999999999,0.29814239718631097,0.4900000000000091,0.8201625307149893,27.032006078570404,2.094719363138013,-4.390410669239354,13.107970532559364,-9.570301942897242,0.7998730393714789,-254.05801337671093,-1.6514236659679409,0.008333332999999998,254.3004838101356,0.24247043342467123,-247.04332753451908,-0.6471783923700234,251.12062966876545,4.0773021342463664
2023-07-18,43.64,33.472,359.49,MSFT US 08/18/23 C320 Equity,MSFT US Equity,320,2023-08-18,0.02,0.086111111,41.8979443942481,12.401166026865752,2.990000000000002,0.2934469475049962,13.759999999999991,0.8945977443764448,19.235222644615433,0.03646925606023951,-4.390410669239354,13.107970532559364,-9.570301942897242,0.8356635177141816,-279.70099873164,26.75871495915662,0.0027777779999999946,281.07332696752496,1.372328235884936,-258.51473358882305,12.86631905941818,264.0009002629315,5.4861666741084605
2023-07-19,39.2,32.768,355.08,MSFT US 08/18/23 C320 Equity,MSFT US Equity,320,2023-08-18,0.02,0.083333333,37.723760084333605,-4.174184309914494,-0.7040000000000006,0.2886751340174626,-4.410000000000025,0.8779087241274135,20.75545907646696,0.33887801112206534,-4.390410669239354,13.107970532559364,-9.570301942897242,0.8254914122723114,-274.0040696788284,-5.925937310026032,0.0027777780000000085,275.16300527734296,1.1589355985145744,-255.39173058531873,-3.6119112002992684,260.40365618790327,5.01192560258454
2023-07-20,31.62,34.03,346.87,MSFT US 08/18/23 C320 Equity,MSFT US Equity,320,2023-08-18,0.02,0.080555556,30.909164246420204,-6.8145958379134015,1.2620000000000005,0.2838231068817336,-8.20999999999998,0.8158792979116107,26.20138534529625,0.053192863136314834,-4.390410669239354,13.107970532559364,-9.570301942897242,0.7981951702616503,-252.09488782018022,-21.516147071475505,0.002777776999999995,253.66214545985557,1.567257639675347,-245.96079446223845,-9.468247466238,250.9498759892675,4.989081527029043
2023-07-21,27.5,31.476,343.77,MSFT US 08/18/23 C320 Equity,MSFT US Equity,320,2023-08-18,0.02,0.077777778,27.55808391455298,-3.351080331867223,-2.554000000000002,0.27888667590976807,-3.1000000000000227,0.8099890058626505,26.01749379514516,0.9986355504305592,-4.390410669239354,13.107970532559364,-9.570301942897242,0.7958766133897959,-250.89183663085038,-2.024905697671044,0.0027777779999999946,251.65133249618762,0.759495865337243,-246.04041947045715,-0.7970502958374039,250.1667677415982,4.12634827114104
2023-07-24,28.93,32.869,345.11,MSFT US 08/18/23 C320 Equity,MSFT US Equity,320,2023-08-18,0.02,0.069444444,28.5044653948201,0.9463814802671209,1.3930000000000007,0.2635231375040909,1.3400000000000318,0.8241973198492957,23.511346505581496,-0.4562144783111214,-4.390410669239354,13.107970532559364,-9.570301942897242,0.8014538360274486,-255.93427165837033,4.9034312399311,0.008333334000000012,256.5967091235756,0.6624374652052438,-248.0852679566127,1.9247553044803238,252.13322098543637,4.047953028823656
2023-07-25,34.63,33.793,350.98,MSFT US 08/18/23 C320 Equity,MSFT US Equity,320,2023-08-18,0.02,0.066666667,33.514014173236944,5.009548778416843,0.9239999999999995,0.25819889039265836,5.8700000000000045,0.8682143316014417,19.352371695287665,-0.06929964430064617,-4.390410669239354,13.107970532559364,-9.570301942897242,0.8203923232707988,-271.2118519322371,15.449090784768206,0.002777776999999995,272.0600556730711,0.8482037408339806,-254.42728344834802,6.647030252671065,258.7942590244527,4.3669755761046645
2023-07-26,20.6,24.884,337.77,MSFT US 08/18/23 C320 Equity,MSFT US Equity,320,2023-08-18,0.02,0.063888889,20.332323038123718,-13.181691135113226,-8.908999999999999,0.25276251502151187,-13.210000000000036,0.8188542481629356,22.491884587308057,0.6794658490536764,-4.390410669239354,13.107970532559364,-9.570301942897242,0.7993608051345875,-256.252076363871,-16.672355383024193,0.0027777779999999946,255.40281515864706,-0.8492612052239679,-249.6677761121859,-7.103815880868088,251.7048210029508,2.0370448907649177
2023-07-27,15.0,24.647,330.72,MSFT US 08/18/23 C320 Equity,MSFT US Equity,320,2023-08-18,0.02,0.061111111,14.66891800398821,-5.663405034135508,-0.23700000000000188,0.2472066160117888,-7.0499999999999545,0.7228522058717873,27.384136428948654,0.24023863733400908,-4.390410669239354,13.107970532559364,-9.570301942897242,0.751016529132564,-224.3927635219293,-31.74979542652856,0.0027777780000000016,223.66720917268776,-0.7255543492415484,-233.70726851073337,-15.988418959389216,235.73038603428776,2.02311752355439
2023-07-28,20.45,23.129,338.37,MSFT US 08/18/23 C320 Equity,MSFT US Equity,320,2023-08-18,0.02,0.058333333,20.21559516262306,5.54667715863485,-1.5179999999999971,0.2415229450797584,7.649999999999977,0.8526918491767929,18.825416519185485,-0.5540881694790151,-4.390410669239354,13.107970532559364,-9.570301942897242,0.813126694083391,-268.30974584332836,43.93384010511472,0.0027777780000000016,267.61347558003365,-0.6962702632947071,-254.92208431437393,21.01621651441133,256.7596990460925,1.8376147317185882
2023-07-31,18.11,23.232,335.92,MSFT US 08/18/23 C320 Equity,MSFT US Equity,320,2023-08-18,0.02,0.05,17.78686590417925,-2.428729258443809,0.10299999999999798,0.22360679774997896,-2.4499999999999886,0.8364188842714777,18.54164814043198,0.6275114408052372,-4.390410669239354,13.107970532559364,-9.570301942897242,0.8063018975284084,-263.18296570029554,-5.466414370993467,0.008333332999999998,262.19166717024615,-0.9912985300493915,-253.06606751356372,-2.292585658749749,254.50991023511014,1.4438427215464174
2023-08-01,19.75,23.497,336.34,MSFT US 08/18/23 C320 Equity,MSFT US Equity,320,2023-08-18,0.02,0.047222222,18.053218421837016,0.266352517657765,0.26500000000000057,0.2173067463287783,0.4199999999999591,0.8459862499539343,17.342868992195534,-0.8926569783427538,-4.390410669239354,13.107970532559364,-9.570301942897242,0.8102409171987667,-266.48579688766927,3.2178877736374663,0.0027777780000000016,265.424121553405,-1.0616753342642937,-254.46321166879613,1.324849875928296,255.84889994439666,1.385688275600529
2023-08-02,12.0,25.17,327.5,MSFT US 08/18/23 C320 Equity,MSFT US Equity,320,2023-08-18,0.02,0.044444444,11.433704282306138,-6.619514139530878,1.6730000000000018,0.2108185096237994,-8.839999999999975,0.6843430262602543,24.548488428058636,0.18132524890383173,-4.390410669239354,13.107970532559364,-9.570301942897242,0.7191596166916627,-212.68863681792715,-52.9381557596802,0.0027777780000000016,212.50071198904797,-0.18792482887917572,-224.0910701842134,-29.829125916076542,226.03398825206784,1.9429180678544355
2023-08-03,11.43,24.693,326.66,MSFT US 08/18/23 C320 Equity,MSFT US Equity,320,2023-08-18,0.02,0.041666667,10.540171602367991,-0.8935326799381471,-0.4770000000000003,0.20412414604842807,-0.839999999999975,0.6737917095418556,24.035236389667535,1.0817754831809556,-4.390410669239354,13.107970532559364,-9.570301942897242,0.7086696854483314,-209.5606282365746,-3.4466931192321217,0.002777777000000002,209.06582478955988,-0.4948034470147036,-220.95386784618398,-3.4266409399466053,222.61990510122112,1.6660372550371392
2023-08-04,10.2,24.556,327.78,MSFT US 08/18/23 C320 Equity,MSFT US Equity,320,2023-08-18,0.02,0.038888889,11.071006977231264,0.5308353748632726,-0.13700000000000045,0.19720265971837195,1.1199999999999477,0.704135478607462,22.332760990214286,-0.6662106349608488,-4.390410669239354,13.107970532559364,-9.570301942897242,0.7367353848493674,-219.7305202007226,9.946080624324438,0.0027777779999999946,219.02352050549587,-0.7069996952267275,-230.41611746869435,9.199374949671574,231.83164816794343,1.415530699249075
2023-08-07,12.3,22.423,330.11,MSFT US 08/18/23 C320 Equity,MSFT US Equity,320,2023-08-18,0.02,0.030555556,11.81161542227855,0.7406084450472861,-2.1330000000000027,0.1748014759663087,2.330000000000041,0.7963823637159674,16.329188365966168,-1.6909995896371965,-4.390410669239354,13.107970532559364,-9.570301942897242,0.7903894531608977,-251.08216666399946,30.45161924316873,0.008333333000000002,249.5116467094508,-1.570519954548672,-249.10384696066538,17.71174449031927,249.58203448480776,0.47818752414238475
2023-08-08,9.35,23.673,326.05,MSFT US 08/18/23 C320 Equity,MSFT US Equity,320,2023-08-18,0.02,0.027777778,8.79191218443873,-3.0197032378398205,1.25,0.16666666733333332,-4.060000000000002,0.6944556011254167,19.049798211189188,0.14067272309406986,-4.390410669239354,13.107970532559364,-9.570301942897242,0.7284724840841698,-217.6353365625034,-33.23322094264905,0.0027777780000000016,216.29228791111726,-1.343048651386141,-228.72654125120482,-20.188027767467148,229.40787277219704,0.6813315209922166
2023-08-09,6.54,25.227,322.23,MSFT US 08/18/23 C320 Equity,MSFT US Equity,320,2023-08-18,0.02,0.025,6.391897895426183,-2.400014289012546,1.554000000000002,0.15811388300841897,-3.819999999999993,0.5818324842154011,19.89660102037073,0.11892744726571332,-4.390410669239354,13.107970532559364,-9.570301942897242,0.5804294495406923,-181.09198349330254,-36.29054696191432,0.002777777999999998,180.01375752217217,-1.0782259711303652,-180.6398836300711,-47.70390702094474,181.7167109881237,1.0768273580526113
2023-08-10,6.35,24.182,322.93,MSFT US 08/18/23 C320 Equity,MSFT US Equity,320,2023-08-18,0.02,0.022222222,6.31941356028463,-0.07248433514155295,-1.0450000000000017,0.14907119775462999,0.6999999999999886,0.6114868275124293,18.45002488018355,-1.8656621935741171,-4.390410669239354,13.107970532559364,-9.570301942897242,0.6292894176168325,-191.14802764830418,9.57627708090932,0.0027777780000000016,189.60003564599253,-1.547992002311645,-196.8970180707191,15.778349490827967,197.50515613302426,0.6081380623051587
2023-08-11,4.28,22.325,321.01,MSFT US 08/18/23 C320 Equity,MSFT US Equity,320,2023-08-18,0.02,0.019444444,4.572446629484375,-1.7469669308002551,-1.8569999999999993,0.1394433361620411,-1.920000000000016,0.5514338490895396,17.709115557792767,0.9060281498595101,-4.390410669239354,13.107970532559364,-9.570301942897242,0.522805587856423,-172.44333326674874,-19.277606603531822,0.002777777999999998,170.33296267121517,-2.110370595533567,-163.25337512830595,-34.18237419138909,163.33375475598467,0.08037962767872386
2023-08-14,5.5,20.097,324.04,MSFT US 08/18/23 C320 Equity,MSFT US Equity,320,2023-08-18,0.02,0.011111111,5.256463850705728,0.6840172212213531,-2.227999999999998,0.1054092548118997,3.0300000000000296,0.7301667317222184,11.290306410925178,-1.5260284205394226,-4.390410669239354,13.107970532559364,-9.570301942897242,0.756031573309913,-231.34676389656192,57.91660328829322,0.008333333000000002,228.27795715135153,-3.068806745210395,-239.72800716463848,75.57454832634892,238.93552764235426,-0.7924795222842249
2023-08-15,3.71,21.03,321.66,MSFT US 08/18/23 C320 Equity,MSFT US Equity,320,2023-08-18,0.02,0.008333333,3.40804787804322,-1.848415972662508,0.9329999999999998,0.09128709109178582,-2.3799999999999955,0.6132489321564036,11.239081303195112,0.42689216941658986,-4.390410669239354,13.107970532559364,-9.570301942897242,0.6319635488331358,-193.84960363938558,-37.607779408339965,0.002777778,190.68286020504416,-3.166743434341413,-199.86934723962324,-39.90772075320017,199.04108145493075,-0.8282657846924906
